id,longitude,latitude
0,11.107861,46.125847
1,11.109752,46.129144
2,11.111001,46.134568
3,11.109069,46.13858
4,11.105815,46.141545
5,11.106588,46.143221
6,11.108496,46.142225
7,11.119511,46.071756
8,11.118702,46.068034
9,11.120922,46.06455
10,11.123289,46.065117
11,11.126409,46.06689
12,11.127874,46.069509
13,11.13153,46.06664
14,11.136364,46.068584
15,11.138945,46.069376
16,11.139552,46.067111
17,11.141795,46.064922
18,11.146084,46.065426
19,11.150091,46.063156
20,11.151318,46.062025
21,11.151992,46.06411
22,11.154677,46.065879
23,11.156734,46.066341
24,11.158013,46.06546
25,11.159706,46.065739
26,11.161268,46.06749
27,11.161625,46.06941
28,11.165537,46.067127
29,11.161992,46.072734
30,11.139489,46.070882
31,11.138386,46.072151
32,11.139504,46.075378
33,11.141776,46.075653
34,11.144004,46.075713
35,11.146884,46.075937
36,11.151166,46.077643
37,11.154062,46.078916
38,11.158409,46.080506
39,11.157486,46.080892
40,11.154945,46.081409
41,11.157904,46.081825
42,11.16288,46.084235
43,11.160453,46.086121
44,11.163106,46.08452
45,11.158399,46.081977
46,11.155013,46.081506
47,11.156045,46.081286
48,11.158307,46.080507
49,11.153522,46.07889
50,11.151578,46.078022
51,11.14658,46.075967
52,11.144105,46.075819
53,11.14077,46.075681
54,11.13889,46.075399
55,11.138357,46.07157
56,11.136423,46.069215
57,11.132573,46.066443
58,11.12824,46.069863
59,11.126008,46.071903
60,11.122675,46.072966
61,11.119934,46.072531
62,11.129774,46.0429
63,11.128138,46.045018
64,11.126205,46.04867
65,11.122932,46.051157
66,11.120696,46.053836
67,11.119846,46.056448
68,11.119231,46.058483
69,11.119038,46.061521
70,11.119653,46.063777
71,11.118839,46.067878
72,11.1214,46.071751
73,11.119486,46.064014
74,11.118954,46.060282
75,11.119278,46.056778
76,11.120571,46.053943
77,11.124067,46.050201
78,11.126793,46.048007
79,11.128022,46.044844
80,11.129397,46.0431
81,11.131724,46.040399
82,11.134411,46.038132
83,11.135356,46.040445
84,11.132874,46.04238
85,11.12623,46.066987
86,11.128453,46.065447
87,11.112161,46.139289
88,11.115898,46.138061
89,11.118434,46.137891
90,11.111548,46.134482
91,11.110231,46.131117
92,11.107596,46.125967
93,11.105848,46.120375
94,11.106212,46.116068
95,11.108551,46.108373
96,11.110517,46.102642
97,11.111801,46.098968
98,11.115307,46.091515
99,11.116571,46.089309
100,11.119817,46.083704
101,11.12238,46.079302
102,11.122391,46.075533
103,11.121494,46.074195
104,11.122318,46.064755
105,11.123797,46.062192
106,11.126384,46.059396
107,11.128495,46.056393
108,11.129723,46.052957
109,11.130531,46.050654
110,11.131077,46.047729
111,11.130926,46.045701
112,11.131261,46.043087
113,11.131471,46.090206
114,11.130976,46.089258
115,11.129618,46.087089
116,11.127722,46.083438
117,11.126846,46.08168
118,11.12722,46.078522
119,11.128154,46.07627
120,11.128427,46.074148
121,11.12791,46.070054
122,11.161184,46.069213
123,11.160763,46.067189
124,11.159557,46.065543
125,11.157889,46.065689
126,11.154528,46.065939
127,11.151952,46.06387
128,11.150887,46.062005
129,11.150174,46.063282
130,11.146343,46.065751
131,11.141743,46.065054
132,11.139594,46.067201
133,11.140184,46.069514
134,11.131436,46.042627
135,11.107612,46.113375
136,11.109494,46.111087
137,11.111514,46.108465
138,11.11158,46.106673
139,11.109014,46.106196
140,11.131083,46.045723
141,11.131182,46.047963
142,11.130406,46.051053
143,11.129887,46.052827
144,11.128573,46.05648
145,11.126666,46.05926
146,11.123946,46.062244
147,11.123987,46.075624
148,11.123274,46.077968
149,11.122109,46.080071
150,11.120416,46.083031
151,11.11843,46.08648
152,11.115601,46.091499
153,11.116446,46.092327
154,11.117806,46.091131
155,11.15801,46.065718
156,11.120437,46.072301
157,11.122012,46.071849
158,11.126826,46.070388
159,11.12985,46.064413
160,11.132883,46.062096
161,11.135919,46.061688
162,11.136383,46.053211
163,11.13724,46.050295
164,11.137591,46.047706
165,11.139478,46.044632
166,11.140651,46.043932
167,11.143371,46.048201
168,11.143947,46.049358
169,11.14602,46.048996
170,11.148486,46.050762
171,11.148768,46.046735
172,11.149677,46.043566
173,11.151756,46.043306
174,11.151173,46.045775
175,11.101207,46.107391
176,11.100545,46.105192
177,11.103255,46.101923
178,11.106659,46.100323
179,11.109269,46.099273
180,11.107433,46.105625
181,11.103845,46.107233
182,11.128072,46.070192
183,11.128394,46.074217
184,11.128156,46.075498
185,11.128205,46.076647
186,11.127221,46.082249
187,11.127864,46.083464
188,11.129247,46.086329
189,11.130593,46.088719
190,11.131586,46.090133
191,11.130103,46.094528
192,11.126986,46.09764
193,11.124144,46.102457
194,11.123519,46.10449
195,11.137467,46.106369
196,11.138496,46.11041
197,11.140128,46.109413
198,11.14267,46.108248
199,11.141608,46.07644
200,11.138755,46.080041
201,11.135788,46.083257
202,11.133177,46.088977
203,11.140077,46.109498
204,11.138462,46.110514
205,11.137553,46.106393
206,11.123396,46.104411
207,11.123991,46.102269
208,11.12683,46.097687
209,11.129425,46.094843
210,11.132591,46.092338
211,11.133132,46.089145
212,11.135662,46.083248
213,11.138364,46.080233
214,11.141634,46.076338
215,11.111622,46.106607
216,11.111681,46.108364
217,11.109534,46.111157
218,11.107735,46.113334
219,11.105325,46.119112
220,11.103287,46.123098
221,11.099827,46.124688
222,11.097414,46.123637
223,11.090102,46.121625
224,11.110526,46.113949
225,11.116633,46.114547
226,11.117253,46.11529
227,11.103939,46.118168
228,11.100034,46.11841
229,11.096121,46.118514
230,11.094238,46.117775
231,11.092667,46.11874
232,11.091282,46.120478
233,11.11117,46.113874
234,11.091212,46.120397
235,11.092762,46.118457
236,11.094421,46.117756
237,11.096514,46.118533
238,11.100013,46.116615
239,11.101847,46.11507
240,11.105462,46.110073
241,11.10538,46.107957
242,11.105638,46.106424
243,11.10728,46.105498
244,11.117276,46.070285
245,11.113433,46.070815
246,11.109667,46.071043
247,11.105332,46.07348
248,11.101057,46.076115
249,11.099858,46.077263
250,11.099223,46.078559
251,11.098555,46.080315
252,11.068176,46.086415
253,11.069357,46.086991
254,11.065061,46.088578
255,11.047183,46.078354
256,11.055913,46.075888
257,11.058451,46.07555
258,11.059187,46.071342
259,11.05707,46.069285
260,11.059531,46.066982
261,11.061514,46.067712
262,11.063551,46.069001
263,11.057969,46.069969
264,11.059527,46.071176
265,11.146087,46.049107
266,11.14384,46.049327
267,11.142286,46.047437
268,11.140139,46.043827
269,11.139674,46.044677
270,11.137738,46.047682
271,11.137304,46.049614
272,11.136438,46.053087
273,11.135814,46.061756
274,11.132819,46.062261
275,11.131873,46.0655
276,11.128745,46.067114
277,11.124266,46.060865
278,11.118603,46.089831
279,11.12013,46.086577
280,11.137726,46.039317
281,11.140832,46.039514
282,11.14068,46.041035
283,11.144092,46.03951
284,11.146204,46.03626
285,11.058645,46.075587
286,11.05575,46.075948
287,11.047586,46.078528
288,11.064526,46.088767
289,11.068883,46.087128
290,11.069798,46.085345
291,11.105624,46.073335
292,11.109664,46.07096
293,11.111447,46.070531
294,11.11674,46.070164
295,11.119089,46.070362
296,11.119314,46.057759
297,11.123793,46.058637
298,11.117145,46.057498
299,11.11612,46.056236
300,11.116794,46.05317
301,11.117076,46.050958
302,11.115704,46.047131
303,11.113381,46.045472
304,11.111775,46.04289
305,11.110995,46.040932
306,11.108836,46.038007
307,11.112482,46.039286
308,11.114055,46.037329
309,11.112713,46.032327
310,11.111593,46.028929
311,11.110866,46.020118
312,11.108328,46.016805
313,11.107137,46.015241
314,11.105542,46.013013
315,11.105053,46.014708
316,11.10587,46.017727
317,11.118149,46.056933
318,11.118539,46.053262
319,11.11346,46.047882
320,11.111681,46.050945
321,11.107763,46.03773
322,11.106068,46.04147
323,11.105369,46.044409
324,11.125004,46.074753
325,11.111543,46.100402
326,11.110516,46.103414
327,11.108745,46.108607
328,11.107453,46.112375
329,11.106145,46.119198
330,11.106445,46.121478
331,11.135449,46.040111
332,11.134171,46.03806
333,11.132068,46.04019
334,11.1325,46.092456
335,11.128326,46.134055
336,11.121329,46.130305
337,11.119865,46.128357
338,11.11658,46.12745
339,11.115532,46.129
340,11.112827,46.124688
341,11.111323,46.11965
342,11.108621,46.117278
343,11.140403,46.039362
344,11.137235,46.039824
345,11.112888,46.098824
346,11.112927,46.101135
347,11.112908,46.104302
348,11.112223,46.106596
349,11.110047,46.117667
350,11.111463,46.119793
351,11.113511,46.124991
352,11.114628,46.126807
353,11.1152,46.128153
354,11.116859,46.122693
355,11.118399,46.125734
356,11.120321,46.128287
357,11.121651,46.130566
358,11.126294,46.130527
359,11.165565,46.067029
360,11.168863,46.066016
361,11.172052,46.065461
362,11.175603,46.067848
363,11.176795,46.071795
364,11.1787,46.068223
365,11.18477,46.067728
366,11.17864,46.068285
367,11.175508,46.06784
368,11.172325,46.065735
369,11.168748,46.066021
370,11.108166,46.103917
371,11.114353,46.10671
372,11.117338,46.104154
373,11.118127,46.102356
374,11.118761,46.100097
375,11.119758,46.097301
376,11.120723,46.093919
377,11.120604,46.092571
378,11.12082,46.090042
379,11.121396,46.087572
380,11.122474,46.085496
381,11.121727,46.084529
382,11.12761,46.064131
383,11.127822,46.062502
384,11.131346,46.059878
385,11.1312,46.058168
386,11.132219,46.055632
387,11.133747,46.054869
388,11.122776,46.070654
389,11.130446,46.056256
390,11.129102,46.048694
391,11.124369,46.051768
392,11.125535,46.053331
393,11.128171,46.052639
394,11.129676,46.055999
395,11.133082,46.058333
396,11.132267,46.059886
397,11.127957,46.062524
398,11.126402,46.13011
399,11.128728,46.128896
400,11.130774,46.130653
401,11.132546,46.133407
402,11.133928,46.132978
403,11.134609,46.131433
404,11.134602,46.129695
405,11.134672,46.128254
406,11.133726,46.124661
407,11.11676,46.126579
408,11.109709,46.074958
409,11.114545,46.073642
410,11.115831,46.059508
411,11.113649,46.057099
412,11.115167,46.057187
413,11.117642,46.057502
414,11.112549,46.057726
415,11.113183,46.063425
416,11.1142,46.065822
417,11.117868,46.066534
418,11.114821,46.073035
419,11.11342,46.074583
420,11.145576,46.038494
421,11.142601,46.041497
422,11.146588,46.052083
423,11.149154,46.055543
424,11.13044,46.040233
425,11.13043,46.036419
426,11.125927,46.033521
427,11.127221,46.03426
428,11.124537,46.038346
429,11.123737,46.041621
430,11.12169,46.044632
431,11.124383,46.038643
432,11.114779,46.051205
433,11.133347,46.060039
434,11.118549,46.092602
435,11.119265,46.091364
436,11.117999,46.091021
437,11.116229,46.09251
438,11.150894,46.063986
439,11.150401,46.065493
440,11.15051,46.067131
441,11.148843,46.055279
442,11.146369,46.052091
443,11.115698,46.069594
444,11.102699,46.065986
445,11.100099,46.10353
446,11.101583,46.101226
447,11.099813,46.100072
448,11.102184,46.097604
449,11.10508,46.094446
450,11.107424,46.091669
451,11.10823,46.090707
452,11.110606,46.087889
453,11.112658,46.085455
454,11.114889,46.082769
455,11.116496,46.080857
456,11.11762,46.078725
457,11.118989,46.076884
458,11.058186,46.078747
459,11.064109,46.083174
460,11.132709,46.031037
461,11.132726,46.025382
462,11.132453,46.017229
463,11.1306,46.012398
464,11.128593,46.009948
465,11.126954,46.007801
466,11.126518,46.005384
467,11.12631,46.002725
468,11.126782,46.002959
469,11.127593,46.006539
470,11.128968,46.009422
471,11.130383,46.011656
472,11.131547,46.013587
473,11.132591,46.017316
474,11.132788,46.025655
475,11.132908,46.030059
476,11.131449,46.03424
477,11.13066,46.037978
478,11.123674,46.076198
479,11.118701,46.077014
480,11.118075,46.079109
481,11.116571,46.080884
482,11.114802,46.082986
483,11.116914,46.095078
484,11.132017,46.01274
485,11.131717,46.011238
486,11.131472,46.007896
487,11.129908,46.005877
488,11.128386,46.00691
489,11.131035,46.006528
490,11.131522,46.008686
491,11.13167,46.010984
492,11.13216,46.012721
493,11.134665,46.129572
494,11.134013,46.131968
495,11.133777,46.133146
496,11.13241,46.133614
497,11.130637,46.130483
498,11.129085,46.128751
499,11.126098,46.130171
500,11.118357,46.125503
501,11.116937,46.123508
502,11.115305,46.127618
503,11.121228,46.084415
504,11.12256,46.085501
505,11.121282,46.087949
506,11.120936,46.089979
507,11.119067,46.091908
508,11.119846,46.092684
509,11.120643,46.094565
510,11.119861,46.097222
511,11.119185,46.099084
512,11.118229,46.10231
513,11.117561,46.103947
514,11.114361,46.106764
515,11.150611,46.06394
516,11.150437,46.067072
517,11.109908,46.071095
518,11.114109,46.077012
519,11.127737,46.060738
520,11.127597,46.060778
521,11.122615,46.058788
522,11.11678,46.077447
523,11.114967,46.076349
524,11.115546,46.073543
525,11.111076,46.077321
526,11.069564,46.085069
527,11.064273,46.083412
528,11.058123,46.078588
529,11.112535,46.085714
530,11.110639,46.087967
531,11.109059,46.089845
532,11.10749,46.091766
533,11.105189,46.094442
534,11.102563,46.097554
535,11.101782,46.100975
536,11.100544,46.105349
537,11.100457,46.107354
538,11.102043,46.082085
539,11.10342,46.079042
540,11.105151,46.076104
541,11.107483,46.075279
542,11.107375,46.073141
543,11.151494,46.043679
544,11.149783,46.043555
545,11.14899,46.046644
546,11.148399,46.050756
547,11.107385,46.073335
548,11.107078,46.075623
549,11.104958,46.07629
550,11.103643,46.078838
551,11.102631,46.081347
552,11.100622,46.118234
553,11.10365,46.118038
554,11.105645,46.091588
555,11.094582,46.102289
556,11.092329,46.106315
557,11.0917,46.108429
558,11.090882,46.111248
559,11.090281,46.113317
560,11.092475,46.117025
561,11.096486,46.119932
562,11.095136,46.12167
563,11.097434,46.123565
564,11.098119,46.125825
565,11.096713,46.127053
566,11.129707,46.068199
567,11.130962,46.069698
568,11.130726,46.071437
569,11.129844,46.072479
570,11.1284,46.073035
571,11.130338,46.076532
572,11.131799,46.077053
573,11.135279,46.074105
574,11.134081,46.048622
575,11.128289,46.072081
576,11.109623,46.137002
577,11.106338,46.040947
578,11.098368,46.125528
579,11.095087,46.121606
580,11.096254,46.120106
581,11.092401,46.117063
582,11.090192,46.113255
583,11.090792,46.111195
584,11.091621,46.108338
585,11.092271,46.106112
586,11.094798,46.101861
587,11.113139,46.041193
588,11.113645,46.04553
589,11.112007,46.05237
590,11.14899,46.055301
591,11.104356,46.014251
592,11.104968,46.01213
593,11.106708,46.014549
594,11.108234,46.016465
595,11.110896,46.020034
596,11.111746,46.029257
597,11.112917,46.032559
598,11.114081,46.037956
599,11.111615,46.039047
600,11.115712,46.0469
601,11.117311,46.051317
602,11.11704,46.052905
603,11.116193,46.05639
604,11.115188,46.067711
605,11.112191,46.069586
606,11.115398,46.069134
607,11.121924,46.067729
608,11.11886,46.076443
609,11.116905,46.090371
610,11.115725,46.090351
611,11.124582,46.070512
612,11.123649,46.068338
613,11.122436,46.069676
614,11.122377,46.067982
615,11.122649,46.066126
616,11.120203,46.068319
617,11.122419,46.070468
618,11.122687,46.066091
619,11.121218,46.068349
620,11.111055,46.070465
621,11.125174,46.067253
622,11.120397,46.068923
623,11.124869,46.067891
624,11.121686,46.067813
625,11.1243,46.069278
626,11.119371,46.070782
627,11.122861,46.068265
628,11.125784,46.066659
629,11.125188,46.072518
630,11.123254,46.069838
631,11.122198,46.067959
632,11.123781,46.069729
633,11.122917,46.069034
634,11.122485,46.068995
635,11.123987,46.06832
636,11.123784,46.069983
637,11.12395,46.070679
638,11.11829,46.069265
639,11.124757,46.068742
640,11.123829,46.068767
641,11.121599,46.067819
642,11.123611,46.06781
643,11.11822,46.069621
644,11.121412,46.068582
645,11.112432,46.0706
646,11.126665,46.067715
647,11.123222,46.07079
648,11.123634,46.076982
649,11.124996,46.072415
650,11.122796,46.06818
651,11.124621,46.070922
652,11.123098,46.065611
653,11.119362,46.070843
654,11.120128,46.068626
655,11.123044,46.065716
656,11.120297,46.072443
657,11.122565,46.066265
658,11.122706,46.066028
659,11.120795,46.068023
660,11.12293,46.066278
661,11.12532,46.067984
662,11.122484,46.068367
663,11.119229,46.076146
664,11.124973,46.068444
665,11.125381,46.072693
666,11.120261,46.068268
667,11.120802,46.067722
668,11.122541,46.068127
669,11.123001,46.067781
670,11.124356,46.069857
671,11.123688,46.068802
672,11.121387,46.068648
673,11.122592,46.06623
674,11.127538,46.069388
675,11.123489,46.069838
676,11.124701,46.070406
677,11.125012,46.068086
678,11.127241,46.069318
679,11.119229,46.076608
680,11.122397,46.066679
681,11.124057,46.070408
682,11.115256,46.073828
683,11.123131,46.069837
684,11.122476,46.066579
685,11.122867,46.074474
686,11.125848,46.07095
687,11.123858,46.068015
688,11.124305,46.067139
689,11.12486,46.068828
690,11.124107,46.068512
691,11.122783,46.067344
692,11.122954,46.065894
693,11.122579,46.06916
694,11.119579,46.069609
695,11.12249,46.068029
696,11.124028,46.069152
697,11.124734,46.068858
698,11.125938,46.067309
699,11.122532,46.069913
700,11.122178,46.067635
701,11.121876,46.065676
702,11.125017,46.071512
703,11.117995,46.075731
704,11.124319,46.068725
705,11.124249,46.069147
706,11.123604,46.069615
707,11.123473,46.077763
708,11.119321,46.069631
709,11.118388,46.069134
710,11.124074,46.070036
711,11.123317,46.069013
712,11.12323,46.069034
713,11.124188,46.067437
714,11.122369,46.066288
715,11.122907,46.066
716,11.123205,46.066442
717,11.124903,46.071126
718,11.124514,46.069832
719,11.124644,46.07068
720,11.124274,46.075378
721,11.115482,46.074003
722,11.124876,46.070904
723,11.121643,46.068597
724,11.124126,46.076613
725,11.122443,46.069614
726,11.122495,46.066507
727,11.119718,46.069823
728,11.112263,46.070557
729,11.122953,46.068276
730,11.124811,46.075434
731,11.121717,46.070006
732,11.123918,46.066082
733,11.122172,46.074962
734,11.123039,46.068209
735,11.124534,46.069711
736,11.123416,46.06582
737,11.122932,46.065589
738,11.12489,46.071062
739,11.118225,46.077179
740,11.122842,46.065832
741,11.119494,46.075874
742,11.122424,46.068131
743,11.122894,46.066025
744,11.122317,46.066978
745,11.125232,46.072731
746,11.122472,46.068431
747,11.122841,46.069127
748,11.123547,46.068332
749,11.123992,46.071027
750,11.125175,46.07245
751,11.122656,46.068656
752,11.118407,46.070044
753,11.123897,46.069657
754,11.124726,46.072994
755,11.124873,46.07163
756,11.1104,46.065102
757,11.124818,46.068435
758,11.118438,46.069026
759,11.123429,46.070884
760,11.122438,46.066357
761,11.123338,46.07798
762,11.123054,46.069139
763,11.119864,46.069285
764,11.123984,46.068144
765,11.125189,46.068262
766,11.124418,46.070152
767,11.123441,46.068808
768,11.125972,46.068763
769,11.124358,46.069491
770,11.126021,46.067845
771,11.126106,46.067797
772,11.111635,46.070653
773,11.123694,46.068763
774,11.123134,46.065523
775,11.122693,46.069118
776,11.117089,46.071494
777,11.118889,46.07665
778,11.124502,46.067167
779,11.124099,46.068326
780,11.124588,46.067546
781,11.11632,46.066504
782,11.115235,46.0665
783,11.124963,46.067119
784,11.124545,46.071236
785,11.123555,46.069841
786,11.124761,46.068318
787,11.1224,46.066438
788,11.12402,46.076799
789,11.122146,46.072472
790,11.123103,46.066307
791,11.122776,46.069788
792,11.123308,46.06984
793,11.122632,46.06993
794,11.125789,46.067978
795,11.123656,46.070968
796,11.123247,46.072636
797,11.124831,46.06832
798,11.124328,46.075146
799,11.119452,46.068404
800,11.123835,46.068723
801,11.119927,46.069697
802,11.123719,46.069618
803,11.123895,46.068487
804,11.123021,46.068044
805,11.120679,46.069599
806,11.124684,46.069589
807,11.124569,46.075853
808,11.122814,46.06587
809,11.123978,46.068227
810,11.124674,46.066669
811,11.127626,46.069875
812,11.119751,46.069681
813,11.12519,46.070238
814,11.122988,46.065977
815,11.10848,46.072235
816,11.120123,46.06866
817,11.124602,46.071034
818,11.122652,46.06881
819,11.118068,46.0769
820,11.124686,46.075653
821,11.122628,46.066367
822,11.125089,46.068331
823,11.117632,46.074742
824,11.122619,46.069001
825,11.124728,46.069038
826,11.123512,46.069965
827,11.123967,46.06766
828,11.126947,46.072164
829,11.122978,46.066411
830,11.124695,46.070089
831,11.124664,46.070086
832,11.124363,46.067147
833,11.124502,46.075446
834,11.123567,46.070693
835,11.123216,46.06737
836,11.118431,46.066714
837,11.121392,46.068618
838,11.12438,46.06966
839,11.12297,46.068202
840,11.123068,46.065675
841,11.124513,46.075953
842,11.124369,46.0689
843,11.122776,46.065926
844,11.123359,46.06832
845,11.124537,46.070396
846,11.124549,46.070427
847,11.117642,46.077135
848,11.124205,46.076481
849,11.122436,46.068181
850,11.122572,46.069601
851,11.122895,46.078233
852,11.123699,46.065678
853,11.123461,46.070406
854,11.122097,46.067966
855,11.1243,46.068633
856,11.120453,46.067348
857,11.119416,46.069493
858,11.12347,46.068241
859,11.120823,46.067671
860,11.124306,46.07012
861,11.122511,46.068491
862,11.123949,46.070636
863,11.123048,46.068011
864,11.124274,46.069214
865,11.120585,46.072923
866,11.124025,46.074476
867,11.118053,46.076862
868,11.126957,46.06964
869,11.117618,46.066639
870,11.116607,46.066531
871,11.12066,46.076636
872,11.124242,46.068337
873,11.117219,46.066755
874,11.123814,46.068906
875,11.121754,46.067765
876,11.125739,46.067296
877,11.127277,46.068801
878,11.118397,46.075575
879,11.123702,46.069845
880,11.120436,46.068156
881,11.124149,46.068331
882,11.125573,46.070172
883,11.122561,46.067835
884,11.124127,46.067625
885,11.123171,46.069034
886,11.122219,46.067378
887,11.122446,46.068225
888,11.123251,46.068228
889,11.126638,46.069422
890,11.126899,46.069493
891,11.123684,46.068842
892,11.122475,46.067914
893,11.122376,46.066502
894,11.121004,46.067147
895,11.123302,46.076967
896,11.123291,46.065797
897,11.123942,46.070872
898,11.116326,46.077601
899,11.125852,46.071009
900,11.121672,46.070208
901,11.125971,46.066949
902,11.118594,46.068676
903,11.124644,46.070241
904,11.124229,46.071332
905,11.124941,46.070205
906,11.12076,46.067818
907,11.126299,46.068582
908,11.122938,46.065931
909,11.112576,46.070565
910,11.120743,46.076618
911,11.123967,46.069123
912,11.12218,46.067669
913,11.114904,46.066774
914,11.122517,46.068684
915,11.119194,46.06844
916,11.125143,46.069551
917,11.119584,46.06987
918,11.124422,46.067533
919,11.123882,46.069856
920,11.114859,46.073333
921,11.121212,46.068134
922,11.111624,46.070465
923,11.125181,46.070134
924,11.122364,46.067339
925,11.122553,46.069355
926,11.123489,46.074785
927,11.121187,46.068484
928,11.125415,46.073989
929,11.124196,46.068333
930,11.121814,46.068895
931,11.120718,46.073212
932,11.124498,46.070311
933,11.122558,46.069539
934,11.120664,46.068107
935,11.12225,46.066725
936,11.123915,46.071895
937,11.117573,46.074727
938,11.123981,46.068188
939,11.111091,46.074871
940,11.118314,46.07716
941,11.122199,46.068954
942,11.122513,46.066483
943,11.119262,46.069978
944,11.124733,46.070093
945,11.120341,46.068914
946,11.121208,46.065902
947,11.125056,46.072241
948,11.12466,46.075698
949,11.125051,46.074066
950,11.12323,46.076864
951,11.124525,46.070368
952,11.12374,46.071023
953,11.126197,46.067742
954,11.125149,46.070131
955,11.118722,46.074243
956,11.125846,46.073076
957,11.123851,46.06861
958,11.122637,46.068896
959,11.124885,46.070105
960,11.121103,46.067787
961,11.122159,46.069751
962,11.123343,46.069208
963,11.124481,46.070026
964,11.122801,46.066202
965,11.124333,46.068533
966,11.125465,46.067919
967,11.127188,46.06896
968,11.120094,46.06888
969,11.121091,46.069035
970,11.122669,46.068161
971,11.124585,46.071135
972,11.125865,46.067934
973,11.117064,46.074813
974,11.124072,46.069291
975,11.123329,46.068893
976,11.120913,46.067786
977,11.114887,46.066701
978,11.123378,46.067776
979,11.12475,46.068795
980,11.123596,46.068249
981,11.122482,46.067987
982,11.124967,46.068898
983,11.123945,46.06774
984,11.120978,46.067279
985,11.122962,46.065507
986,11.124372,46.068337
987,11.123144,46.068297
988,11.124638,46.070641
989,11.124509,46.069873
990,11.124495,46.069929
991,11.122515,46.068584
992,11.12529,46.07296
993,11.122909,46.081265
994,11.121961,46.068561
995,11.122921,46.08168
996,11.117906,46.076982
997,11.119096,46.069952
998,11.122212,46.067404
999,11.121199,46.068426
1000,11.121346,46.068854
1001,11.115029,46.067251
1002,11.122559,46.069298
1003,11.124378,46.069745
1004,11.122661,46.066791
1005,11.12386,46.077068
1006,11.122728,46.069999
1007,11.123905,46.077215
1008,11.125232,46.074081
1009,11.124327,46.068756
1010,11.123362,46.068764
1011,11.12364,46.069049
1012,11.124886,46.067988
1013,11.127058,46.069113
1014,11.122866,46.066076
1015,11.124911,46.068058
1016,11.124105,46.076654
1017,11.118016,46.076792
1018,11.1234,46.068238
1019,11.123205,46.068036
1020,11.122769,46.068257
1021,11.122184,46.0677
1022,11.12506,46.06845
1023,11.123895,46.069684
1024,11.122477,46.067952
1025,11.124714,46.075598
1026,11.122703,46.081999
1027,11.119042,46.068445
1028,11.124584,46.068328
1029,11.124483,46.068336
1030,11.119164,46.074842
1031,11.122925,46.065615
1032,11.119807,46.068434
1033,11.124616,46.070942
1034,11.122416,46.069323
1035,11.123962,46.070545
1036,11.116371,46.070663
1037,11.123892,46.067796
1038,11.125346,46.074222
1039,11.12348,46.068088
1040,11.123086,46.069034
1041,11.125171,46.068335
1042,11.122196,46.067497
1043,11.127525,46.069331
1044,11.121115,46.068961
1045,11.121801,46.068531
1046,11.1225,46.070741
1047,11.123335,46.065642
1048,11.118666,46.074801
1049,11.120507,46.06826
1050,11.124234,46.069926
1051,11.125057,46.073338
1052,11.122929,46.06799
1053,11.12274,46.065976
1054,11.124157,46.075656
1055,11.1231,46.068216
1056,11.122073,46.072631
1057,11.121518,46.067984
1058,11.12207,46.068925
1059,11.123004,46.069034
1060,11.119369,46.072102
1061,11.124152,46.068652
1062,11.124194,46.06735
1063,11.118136,46.075086
1064,11.123735,46.068261
1065,11.124782,46.068616
1066,11.121991,46.067948
1067,11.118387,46.076965
1068,11.122656,46.068769
1069,11.120621,46.067973
1070,11.124692,46.070371
1071,11.114278,46.08957
1072,11.11873,46.078045
1073,11.106086,46.093083
1074,11.119291,46.084087
1075,11.106524,46.089426
1076,11.113669,46.090481
1077,11.11937,46.07773
1078,11.106552,46.08939
1079,11.118144,46.092514
1080,11.113419,46.091134
1081,11.111755,46.093497
1082,11.111367,46.090612
1083,11.119817,46.09228
1084,11.112815,46.084523
1085,11.115726,46.082541
1086,11.113173,46.090363
1087,11.106253,46.092838
1088,11.101744,46.082151
1089,11.121139,46.077139
1090,11.108473,46.091149
1091,11.105487,46.090933
1092,11.111379,46.09306
1093,11.119105,46.076993
1094,11.121079,46.089439
1095,11.118089,46.092499
1096,11.108946,46.088467
1097,11.105766,46.093451
1098,11.119307,46.088616
1099,11.124446,46.070209
1100,11.117014,46.090238
1101,11.119816,46.086057
1102,11.115832,46.091518
1103,11.121687,46.087677
1104,11.119987,46.083262
1105,11.119115,46.08585
1106,11.109703,46.088619
1107,11.12277,46.085561
1108,11.107238,46.090874
1109,11.109662,46.088666
1110,11.119417,46.085061
1111,11.115544,46.09201
1112,11.111813,46.089627
1113,11.120254,46.083524
1114,11.115214,46.082684
1115,11.12059,46.090206
1116,11.121201,46.08855
1117,11.118252,46.086219
1118,11.121021,46.082021
1119,11.124771,46.075003
1120,11.107595,46.086802
1121,11.119864,46.08607
1122,11.105423,46.093783
1123,11.108087,46.090842
1124,11.118674,46.093806
1125,11.120304,46.091988
1126,11.106298,46.09278
1127,11.113042,46.090465
1128,11.122795,46.079259
1129,11.107012,46.091131
1130,11.10488,46.092195
1131,11.117786,46.088881
1132,11.108502,46.088366
1133,11.107876,46.087241
1134,11.106781,46.08967
1135,11.121204,46.088833
1136,11.109266,46.088465
1137,11.110134,46.088777
1138,11.112506,46.092848
1139,11.127828,46.070178
1140,11.115235,46.090145
1141,11.119647,46.077495
1142,11.119443,46.077643
1143,11.106419,46.090848
1144,11.114369,46.089402
1145,11.114648,46.091117
1146,11.111372,46.093115
1147,11.119337,46.086062
1148,11.118603,46.086556
1149,11.115354,46.081878
1150,11.103817,46.091733
1151,11.115883,46.091419
1152,11.108208,46.086666
1153,11.119672,46.088617
1154,11.104729,46.092749
1155,11.107049,46.088049
1156,11.118505,46.084997
1157,11.123016,46.084601
1158,11.118581,46.094203
1159,11.119601,46.077507
1160,11.124793,46.074601
1161,11.106027,46.088531
1162,11.114588,46.090103
1163,11.118413,46.085996
1164,11.12169,46.087622
1165,11.117628,46.088329
1166,11.11115,46.086879
1167,11.119872,46.086869
1168,11.120827,46.082703
1169,11.119671,46.084932
1170,11.120008,46.084019
1171,11.122988,46.084959
1172,11.124597,46.07484
1173,11.112776,46.091266
1174,11.115163,46.081058
1175,11.116932,46.081593
1176,11.114794,46.090784
1177,11.122438,46.079631
1178,11.119443,46.085022
1179,11.116843,46.090532
1180,11.114511,46.093842
1181,11.122046,46.084391
1182,11.119587,46.089697
1183,11.117738,46.087117
1184,11.119587,46.091809
1185,11.121741,46.086709
1186,11.115365,46.089917
1187,11.125309,46.074344
1188,11.118533,46.086677
1189,11.114014,46.092103
1190,11.113525,46.084881
1191,11.106853,46.090384
1192,11.119225,46.077281
1193,11.119175,46.086089
1194,11.10506,46.088798
1195,11.11562,46.092069
1196,11.10665,46.090861
1197,11.105361,46.091812
1198,11.11595,46.081364
1199,11.120545,46.0832
1200,11.118944,46.086566
1201,11.116254,46.080104
1202,11.11754,46.092362
1203,11.109456,46.087537
1204,11.115992,46.089882
1205,11.114766,46.092067
1206,11.117778,46.092592
1207,11.121957,46.082764
1208,11.116425,46.081554
1209,11.105061,46.09171
1210,11.115143,46.082774
1211,11.115247,46.081353
1212,11.105634,46.087898
1213,11.119586,46.087244
1214,11.110745,46.08716
1215,11.120068,46.086228
1216,11.115855,46.090105
1217,11.115786,46.090232
1218,11.12057,46.094432
1219,11.112162,46.089036
1220,11.103836,46.092467
1221,11.118775,46.086265
1222,11.115456,46.092164
1223,11.114451,46.08434
1224,11.119344,46.086271
1225,11.119235,46.086751
1226,11.114972,46.083217
1227,11.107899,46.091571
1228,11.09553,46.088859
1229,11.110112,46.094277
1230,11.117681,46.0872
1231,11.12029,46.095126
1232,11.122416,46.082967
1233,11.105489,46.09063
1234,11.113313,46.090381
1235,11.116488,46.08408
1236,11.11134,46.093175
1237,11.118512,46.084138
1238,11.120111,46.086149
1239,11.121313,46.086781
1240,11.111961,46.092535
1241,11.121932,46.081314
1242,11.111886,46.089536
1243,11.121677,46.08793
1244,11.120209,46.08626
1245,11.108762,46.088655
1246,11.109396,46.088307
1247,11.118824,46.086181
1248,11.119781,46.086673
1249,11.108823,46.086289
1250,11.11628,46.08216
1251,11.10547,46.075553
1252,11.11131,46.09324
1253,11.115644,46.091841
1254,11.119954,46.08912
1255,11.119138,46.086724
1256,11.106769,46.090481
1257,11.107343,46.090662
1258,11.119847,46.094321
1259,11.11341,46.085027
1260,11.11776,46.091451
1261,11.103877,46.090807
1262,11.119652,46.089863
1263,11.124785,46.074779
1264,11.116235,46.080922
1265,11.10632,46.087871
1266,11.119583,46.088943
1267,11.108626,46.088822
1268,11.115803,46.084366
1269,11.119703,46.086163
1270,11.121231,46.088293
1271,11.116038,46.093636
1272,11.12121,46.088681
1273,11.106136,46.091922
1274,11.116057,46.081682
1275,11.114861,46.091944
1276,11.093236,46.09369
1277,11.11067,46.094133
1278,11.121222,46.08842
1279,11.104267,46.091294
1280,11.118741,46.086319
1281,11.114384,46.092345
1282,11.115737,46.091686
1283,11.12199,46.086308
1284,11.118801,46.086218
1285,11.120138,46.086102
1286,11.104258,46.091006
1287,11.114614,46.09118
1288,11.123303,46.079537
1289,11.11443,46.09169
1290,11.120138,46.092007
1291,11.106688,46.092267
1292,11.110563,46.087688
1293,11.123023,46.084505
1294,11.116045,46.081237
1295,11.12279,46.084836
1296,11.113973,46.08961
1297,11.105387,46.093382
1298,11.121377,46.087184
1299,11.120058,46.077105
1300,11.110666,46.093989
1301,11.113683,46.094176
1302,11.119235,46.077491
1303,11.125217,46.074769
1304,11.120445,46.083391
1305,11.128108,46.07231
1306,11.119648,46.086009
1307,11.105942,46.074179
1308,11.116978,46.079593
1309,11.107136,46.090585
1310,11.114409,46.090743
1311,11.122651,46.079839
1312,11.109625,46.088707
1313,11.118072,46.093029
1314,11.106132,46.088646
1315,11.119996,46.076943
1316,11.11621,46.09368
1317,11.108452,46.086835
1318,11.122458,46.069121
1319,11.125029,46.076336
1320,11.124021,46.069417
1321,11.124568,46.07119
1322,11.125184,46.068226
1323,11.125801,46.068999
1324,11.118409,46.069106
1325,11.118904,46.067998
1326,11.119053,46.069947
1327,11.123089,46.06829
1328,11.123577,46.07082
1329,11.124557,46.069472
1330,11.125053,46.073936
1331,11.124369,46.069546
1332,11.124653,46.070289
1333,11.124706,46.074147
1334,11.122903,46.069132
1335,11.126606,46.069399
1336,11.124156,46.068739
1337,11.123924,46.076964
1338,11.123414,46.069826
1339,11.126789,46.067931
1340,11.122421,46.069232
1341,11.115139,46.072113
1342,11.113284,46.071127
1343,11.122049,46.069738
1344,11.123835,46.067857
1345,11.124957,46.067221
1346,11.124202,46.070085
1347,11.11701,46.068142
1348,11.120687,46.073557
1349,11.123817,46.06886
1350,11.126511,46.073011
1351,11.117747,46.066666
1352,11.118547,46.068826
1353,11.124381,46.069634
1354,11.122506,46.066297
1355,11.118788,46.069758
1356,11.122372,46.066748
1357,11.117863,46.067462
1358,11.122288,46.06663
1359,11.119092,46.069115
1360,11.125135,46.072283
1361,11.117988,46.069649
1362,11.122274,46.067144
1363,11.105959,46.092688
1364,11.105514,46.093746
1365,11.117658,46.093167
1366,11.109967,46.094329
1367,11.123817,46.070729
1368,11.106502,46.092539
1369,11.113046,46.091427
1370,11.118563,46.088498
1371,11.121306,46.086735
1372,11.1203,46.072443
1373,11.139108,46.070583
1374,11.136656,46.070243
1375,11.139636,46.070712
1376,11.135864,46.068912
1377,11.150656,46.073715
1378,11.13645,46.070818
1379,11.13814,46.071933
1380,11.14031,46.071465
1381,11.140253,46.071659
1382,11.140246,46.071111
1383,11.137411,46.070609
1384,11.136201,46.069069
1385,11.136221,46.069149
1386,11.136342,46.068292
1387,11.136605,46.069061
1388,11.130972,46.089149
1389,11.15654,46.081142
1390,11.13086,46.08942
1391,11.132333,46.076696
1392,11.126815,46.089905
1393,11.130974,46.089563
1394,11.141999,46.0766
1395,11.132451,46.092995
1396,11.14096,46.074522
1397,11.130589,46.09402
1398,11.131265,46.089382
1399,11.139187,46.074545
1400,11.141979,46.076542
1401,11.130835,46.089377
1402,11.142327,46.075861
1403,11.142001,46.07678
1404,11.140899,46.080562
1405,11.159941,46.086102
1406,11.130557,46.08896
1407,11.131604,46.089356
1408,11.13054,46.094822
1409,11.132635,46.092614
1410,11.129969,46.086055
1411,11.148361,46.075094
1412,11.132489,46.09269
1413,11.132953,46.058372
1414,11.132737,46.038109
1415,11.126594,46.046924
1416,11.129635,46.058505
1417,11.126146,46.056268
1418,11.131663,46.055851
1419,11.13304,46.058579
1420,11.12968,46.056176
1421,11.132598,46.058026
1422,11.130373,46.056611
1423,11.128037,46.057117
1424,11.128547,46.05909
1425,11.127951,46.058109
1426,11.128224,46.057598
1427,11.135567,46.060259
1428,11.128716,46.056461
1429,11.13286,46.058159
1430,11.130569,46.058492
1431,11.127159,46.057694
1432,11.131762,46.06034
1433,11.127836,46.057588
1434,11.130548,46.056084
1435,11.127842,46.056677
1436,11.129225,46.057105
1437,11.132902,46.061787
1438,11.12954,46.05614
1439,11.130681,46.05636
1440,11.130701,46.056419
1441,11.127303,46.058449
1442,11.128487,46.056952
1443,11.127856,46.057546
1444,11.128404,46.057385
1445,11.129149,46.056068
1446,11.127663,46.058582
1447,11.132275,46.058094
1448,11.128059,46.057077
1449,11.130256,46.058344
1450,11.132326,46.05807
1451,11.132827,46.057576
1452,11.133006,46.058471
1453,11.129631,46.056162
1454,11.128129,46.058293
1455,11.1389,46.057948
1456,11.132892,46.058232
1457,11.128694,46.056505
1458,11.128398,46.057241
1459,11.134199,46.060209
1460,11.128347,46.056505
1461,11.127669,46.057792
1462,11.134893,46.061126
1463,11.133072,46.058721
1464,11.130651,46.058642
1465,11.127996,46.057747
1466,11.122747,46.053459
1467,11.129768,46.038805
1468,11.1261,46.035504
1469,11.124392,46.050318
1470,11.132642,46.03048
1471,11.127871,46.048282
1472,11.124268,46.039675
1473,11.126866,46.046149
1474,11.122413,46.050641
1475,11.126493,46.0472
1476,11.128381,46.053022
1477,11.132091,46.051036
1478,11.129893,46.053728
1479,11.130394,46.058127
1480,11.126957,46.047015
1481,11.128377,46.053122
1482,11.131476,46.053661
1483,11.128393,46.053366
1484,11.127513,46.047978
1485,11.124789,46.047806
1486,11.129577,46.052867
1487,11.126018,46.036849
1488,11.126139,46.046882
1489,11.123224,46.050517
1490,11.131577,46.032157
1491,11.12556,46.052699
1492,11.132039,46.053437
1493,11.124498,46.038756
1494,11.130271,46.037349
1495,11.121759,46.049894
1496,11.130257,46.036623
1497,11.131357,46.048853
1498,11.121324,46.051848
1499,11.134972,46.026035
1500,11.129023,46.044533
1501,11.127769,46.048595
1502,11.128241,46.053465
1503,11.125698,46.048662
1504,11.12673,46.036663
1505,11.123494,46.049748
1506,11.140298,46.039865
1507,11.127619,46.04653
1508,11.129638,46.053337
1509,11.123836,46.051546
1510,11.131666,46.03374
1511,11.129951,46.03661
1512,11.12455,46.038422
1513,11.132972,46.036879
1514,11.124712,46.047872
1515,11.12838,46.052883
1516,11.124701,46.05001
1517,11.133038,46.040564
1518,11.125822,46.047614
1519,11.129979,46.03642
1520,11.127598,46.053493
1521,11.129632,46.053234
1522,11.126818,46.036158
1523,11.12985,46.036343
1524,11.131371,46.049789
1525,11.124365,46.04839
1526,11.124028,46.052906
1527,11.122256,46.051144
1528,11.129958,46.053507
1529,11.128609,46.044544
1530,11.122646,46.049325
1531,11.124665,46.049598
1532,11.123135,46.051491
1533,11.129898,46.053693
1534,11.127383,46.036465
1535,11.126521,46.03519
1536,11.122824,46.051597
1537,11.123402,46.049685
1538,11.126716,46.046547
1539,11.129547,46.053705
1540,11.124983,46.049809
1541,11.124591,46.0527
1542,11.132183,46.034285
1543,11.125397,46.047557
1544,11.134368,46.041117
1545,11.130945,46.048035
1546,11.122205,46.041507
1547,11.125739,46.047668
1548,11.124684,46.048158
1549,11.130822,46.046781
1550,11.129916,46.053352
1551,11.124077,46.051585
1552,11.129159,46.04453
1553,11.130802,46.044373
1554,11.128238,46.04537
1555,11.123087,46.038293
1556,11.12159,46.051865
1557,11.124429,46.048391
1558,11.135249,46.035748
1559,11.128037,46.045907
1560,11.13337,46.04028
1561,11.124124,46.051211
1562,11.12985,46.054099
1563,11.130247,46.047037
1564,11.131034,46.039362
1565,11.124637,46.039158
1566,11.130726,46.058787
1567,11.132418,46.058027
1568,11.132917,46.06199
1569,11.127744,46.011661
1570,11.127166,46.013729
1571,11.123495,45.996272
1572,11.129471,46.000029
1573,11.12809,46.006859
1574,11.132095,46.014059
1575,11.129403,46.004067
1576,11.127623,46.00708
1577,11.127388,46.00578
1578,11.127891,46.004932
1579,11.128062,46.009025
1580,11.126985,46.020563
1581,11.128164,46.004899
1582,11.126886,46.002169
1583,11.128965,46.01384
1584,11.128465,46.006532
1585,11.1278,46.006938
1586,11.127537,46.012569
1587,11.128542,46.014088
1588,11.132262,46.014263
1589,11.125865,46.007091
1590,11.132097,46.014169
1591,11.123645,45.99691
1592,11.128224,46.0133
1593,11.129279,46.005581
1594,11.127284,46.005841
1595,11.127081,46.006306
1596,11.132114,46.013965
1597,11.124635,45.998806
1598,11.128528,46.013269
1599,11.127649,46.013703
1600,11.13227,46.013714
1601,11.127946,46.007864
1602,11.124544,45.999465
1603,11.123311,45.996166
1604,11.124662,46.008148
1605,11.126359,46.005748
1606,11.128955,46.011307
1607,11.126219,46.003509
1608,11.126367,46.005863
1609,11.126073,45.999789
1610,11.127412,46.006345
1611,11.126021,45.999367
1612,11.134684,46.011316
1613,11.12857,46.012301
1614,11.127725,46.011605
1615,11.127915,46.007767
1616,11.123068,45.995883
1617,11.132412,46.014513
1618,11.13248,46.014652
1619,11.123812,45.998636
1620,11.128735,46.008563
1621,11.133029,46.009378
1622,11.132374,46.013957
1623,11.132765,46.016941
1624,11.13227,46.014471
1625,11.130886,46.013175
1626,11.127197,46.006791
1627,11.056647,46.071087
1628,11.064493,46.071934
1629,11.058673,46.07265
1630,11.058135,46.038635
1631,11.064649,46.088876
1632,11.058793,46.0401
1633,11.059634,46.072471
1634,11.045242,46.076586
1635,11.059632,46.071973
1636,11.042663,46.081025
1637,11.045349,46.081799
1638,11.059755,46.071663
1639,11.067558,46.089531
1640,11.063691,46.082971
1641,11.060064,46.071227
1642,11.068503,46.090507
1643,11.059372,46.070936
1644,11.058572,46.073136
1645,11.059182,46.076552
1646,11.059801,46.074087
1647,11.068975,46.090698
1648,11.057075,46.03923
1649,11.059627,46.071752
1650,11.064639,46.087872
1651,11.045337,46.081756
1652,11.066525,46.089351
1653,11.059468,46.071475
1654,11.057598,46.039432
1655,11.112371,46.041457
1656,11.115966,46.036052
1657,11.108405,46.037562
1658,11.105295,46.018339
1659,11.109177,46.039592
1660,11.107213,46.037211
1661,11.116418,46.037772
1662,11.107088,46.037215
1663,11.112512,46.044458
1664,11.105571,46.01675
1665,11.111727,46.040266
1666,11.112917,46.042489
1667,11.105588,46.016893
1668,11.111797,46.029095
1669,11.107873,46.008122
1670,11.114506,46.036781
1671,11.108342,46.041677
1672,11.113796,46.045531
1673,11.117936,46.035886
1674,11.106791,46.038068
1675,11.115378,46.036304
1676,11.107176,46.017711
1677,11.113578,46.040637
1678,11.111318,46.040876
1679,11.104862,46.019098
1680,11.113594,46.042611
1681,11.111523,46.040682
1682,11.12023,46.039083
1683,11.103865,46.116749
1684,11.09174,46.107758
1685,11.1123,46.099027
1686,11.109945,46.100812
1687,11.1064,46.104874
1688,11.097688,46.117304
1689,11.098332,46.116954
1690,11.097788,46.116858
1691,11.097888,46.116729
1692,11.112005,46.108548
1693,11.101482,46.100656
1694,11.098292,46.120077
1695,11.099901,46.101088
1696,11.096479,46.118777
1697,11.108083,46.110923
1698,11.111618,46.106863
1699,11.108091,46.097838
1700,11.088996,46.119891
1701,11.110026,46.128817
1702,11.109667,46.103924
1703,11.0992,46.120892
1704,11.10307,46.116802
1705,11.114229,46.105207
1706,11.107599,46.126867
1707,11.093818,46.116089
1708,11.100116,46.117212
1709,11.11045,46.128617
1710,11.097755,46.116959
1711,11.098147,46.120661
1712,11.093074,46.116435
1713,11.099394,46.10064
1714,11.111284,46.099369
1715,11.111328,46.106713
1716,11.100604,46.10279
1717,11.109211,46.131366
1718,11.110851,46.101069
1719,11.100473,46.116879
1720,11.095053,46.122339
1721,11.091732,46.110727
1722,11.10644,46.118505
1723,11.101645,46.121988
1724,11.110138,46.102401
1725,11.099251,46.121237
1726,11.110997,46.100543
1727,11.110811,46.101193
1728,11.098677,46.117349
1729,11.106997,46.11252
1730,11.10847,46.109889
1731,11.1103,46.129216
1732,11.117818,46.099887
1733,11.095581,46.122683
1734,11.098578,46.11849
1735,11.113054,46.100258
1736,11.109362,46.128363
1737,11.113532,46.098519
1738,11.098373,46.123316
1739,11.089033,46.119489
1740,11.112224,46.100799
1741,11.11197,46.108446
1742,11.108937,46.1309
1743,11.100131,46.099958
1744,11.106272,46.118891
1745,11.114621,46.106691
1746,11.107153,46.113289
1747,11.091702,46.124739
1748,11.110738,46.134143
1749,11.093119,46.10536
1750,11.112639,46.102848
1751,11.108425,46.109851
1752,11.110831,46.102541
1753,11.096198,46.120382
1754,11.111771,46.097593
1755,11.105678,46.110682
1756,11.091153,46.124248
1757,11.108079,46.125117
1758,11.103284,46.117206
1759,11.113099,46.099895
1760,11.113343,46.107337
1761,11.107025,46.10934
1762,11.109978,46.106433
1763,11.101806,46.122036
1764,11.112558,46.105691
1765,11.10878,46.101358
1766,11.09697,46.117791
1767,11.101363,46.101511
1768,11.101876,46.098532
1769,11.111531,46.108074
1770,11.111511,46.108836
1771,11.109568,46.098444
1772,11.119227,46.099574
1773,11.108133,46.10566
1774,11.108076,46.105093
1775,11.09156,46.111306
1776,11.109643,46.10457
1777,11.107616,46.110955
1778,11.110066,46.128696
1779,11.109882,46.098602
1780,11.092715,46.11706
1781,11.109825,46.103134
1782,11.111675,46.108721
1783,11.111883,46.10692
1784,11.108027,46.111792
1785,11.109183,46.131256
1786,11.106156,46.115973
1787,11.101481,46.100567
1788,11.099056,46.121026
1789,11.118865,46.099736
1790,11.091736,46.116655
1791,11.110946,46.102871
1792,11.108633,46.106153
1793,11.111963,46.099637
1794,11.089943,46.113955
1795,11.107461,46.109297
1796,11.092545,46.107921
1797,11.110264,46.100431
1798,11.108229,46.126202
1799,11.108658,46.106372
1800,11.106558,46.10057
1801,11.111342,46.100155
1802,11.099354,46.106865
1803,11.112991,46.100454
1804,11.107153,46.128464
1805,11.091123,46.113275
1806,11.112292,46.105877
1807,11.097947,46.119972
1808,11.091978,46.111988
1809,11.090575,46.10511
1810,11.104074,46.107112
1811,11.109896,46.103278
1812,11.092524,46.115843
1813,11.099828,46.116829
1814,11.111433,46.108925
1815,11.11075,46.103275
1816,11.111411,46.109127
1817,11.09349,46.116516
1818,11.109506,46.103494
1819,11.097828,46.118405
1820,11.103108,46.116948
1821,11.093238,46.115581
1822,11.10796,46.123088
1823,11.093051,46.121264
1824,11.107142,46.108425
1825,11.109254,46.128956
1826,11.105544,46.120029
1827,11.100045,46.117116
1828,11.106889,46.109746
1829,11.107976,46.128055
1830,11.10372,46.116447
1831,11.09869,46.121325
1832,11.111464,46.133302
1833,11.098328,46.119884
1834,11.107185,46.128986
1835,11.091657,46.10804
1836,11.109889,46.130594
1837,11.112224,46.105425
1838,11.10831,46.107705
1839,11.110624,46.108973
1840,11.101372,46.098893
1841,11.110527,46.130738
1842,11.108319,46.106107
1843,11.111797,46.10841
1844,11.106432,46.105475
1845,11.104384,46.124876
1846,11.111813,46.106263
1847,11.109957,46.131224
1848,11.10669,46.121968
1849,11.101696,46.107183
1850,11.114344,46.106923
1851,11.109927,46.10067
1852,11.097114,46.119309
1853,11.113132,46.107062
1854,11.093888,46.121546
1855,11.106802,46.110357
1856,11.110586,46.103834
1857,11.111083,46.098311
1858,11.100989,46.118438
1859,11.110963,46.100639
1860,11.112558,46.133213
1861,11.093381,46.115387
1862,11.110696,46.134442
1863,11.097198,46.118043
1864,11.112108,46.099594
1865,11.110412,46.095116
1866,11.110193,46.101188
1867,11.094738,46.115866
1868,11.108212,46.111155
1869,11.098377,46.120923
1870,11.118689,46.100242
1871,11.101798,46.122545
1872,11.110724,46.133839
1873,11.111727,46.100132
1874,11.109552,46.098573
1875,11.100122,46.117148
1876,11.092563,46.115793
1877,11.101921,46.118023
1878,11.110945,46.109658
1879,11.118856,46.098489
1880,11.110573,46.098909
1881,11.109901,46.128974
1882,11.106115,46.106053
1883,11.103623,46.132351
1884,11.109209,46.107909
1885,11.112146,46.099083
1886,11.106439,46.124952
1887,11.109506,46.101949
1888,11.111889,46.107826
1889,11.113227,46.096353
1890,11.109505,46.131899
1891,11.092127,46.111814
1892,11.110167,46.128747
1893,11.108441,46.100237
1894,11.093992,46.115315
1895,11.100434,46.101329
1896,11.110064,46.102814
1897,11.104497,46.10068
1898,11.106972,46.109477
1899,11.093423,46.116348
1900,11.092317,46.108041
1901,11.111343,46.10903
1902,11.111054,46.108966
1903,11.108568,46.107361
1904,11.110607,46.107985
1905,11.111626,46.108779
1906,11.108145,46.105712
1907,11.108482,46.103692
1908,11.10303,46.098506
1909,11.105967,46.126524
1910,11.119202,46.099775
1911,11.109455,46.128089
1912,11.108301,46.126373
1913,11.093121,46.121592
1914,11.09963,46.117269
1915,11.10557,46.12047
1916,11.119192,46.065138
1917,11.118307,46.054407
1918,11.115003,46.05856
1919,11.112993,46.048616
1920,11.120659,46.054536
1921,11.132024,46.065561
1922,11.118105,46.057264
1923,11.119248,46.064839
1924,11.127141,46.059177
1925,11.119714,46.064153
1926,11.123871,46.064877
1927,11.123697,46.060796
1928,11.132062,46.065603
1929,11.120557,46.056093
1930,11.130911,46.063735
1931,11.121822,46.060423
1932,11.126409,46.061525
1933,11.115995,46.05652
1934,11.119126,46.062002
1935,11.120344,46.057877
1936,11.115847,46.055907
1937,11.120577,46.064484
1938,11.119752,46.063921
1939,11.124591,46.060807
1940,11.124817,46.060818
1941,11.119039,46.065857
1942,11.131969,46.065489
1943,11.130045,46.062459
1944,11.121131,46.063809
1945,11.11511,46.06252
1946,11.124218,46.060736
1947,11.114923,46.060107
1948,11.1238,46.061899
1949,11.124148,46.061443
1950,11.130362,46.066346
1951,11.123678,46.063759
1952,11.130888,46.063673
1953,11.124297,46.061317
1954,11.125791,46.062236
1955,11.129169,46.067005
1956,11.120225,46.056109
1957,11.122965,46.064769
1958,11.118433,46.053062
1959,11.123495,46.064466
1960,11.132704,46.06537
1961,11.128629,46.066967
1962,11.128105,46.060903
1963,11.124313,46.060758
1964,11.131083,46.063748
1965,11.133251,46.064206
1966,11.123556,46.064124
1967,11.129005,46.06685
1968,11.127709,46.062973
1969,11.12055,46.057919
1970,11.123932,46.061676
1971,11.130603,46.063894
1972,11.123909,46.061698
1973,11.114919,46.060734
1974,11.1206,46.053538
1975,11.128052,46.062301
1976,11.127569,46.066527
1977,11.122932,46.057789
1978,11.117925,46.057428
1979,11.1296,46.066841
1980,11.122941,46.063446
1981,11.123102,46.060729
1982,11.123531,46.063208
1983,11.127619,46.066614
1984,11.129549,46.066594
1985,11.127994,46.060842
1986,11.127222,46.059231
1987,11.121471,46.064091
1988,11.121315,46.063779
1989,11.121609,46.064387
1990,11.126853,46.067069
1991,11.113315,46.04835
1992,11.125236,46.059435
1993,11.126309,46.059305
1994,11.112921,46.058598
1995,11.128355,46.067027
1996,11.124112,46.060713
1997,11.120833,46.053843
1998,11.121078,46.063807
1999,11.115147,46.061295
2000,11.120856,46.056125
2001,11.123687,46.058015
2002,11.127644,46.06065
2003,11.120334,46.055742
2004,11.12846,46.067005
2005,11.121515,46.060364
2006,11.119947,46.065927
2007,11.124943,46.060693
2008,11.120379,46.055412
2009,11.127398,46.05935
2010,11.122063,46.060473
2011,11.12151,46.0639
2012,11.123365,46.06073
2013,11.123778,46.060811
2014,11.123278,46.058474
2015,11.118991,46.06606
2016,11.118762,46.057376
2017,11.120845,46.053796
2018,11.118443,46.058556
2019,11.122572,46.063752
2020,11.123776,46.062016
2021,11.116311,46.050353
2022,11.119892,46.065922
2023,11.128988,46.066799
2024,11.132738,46.064123
2025,11.124909,46.06073
2026,11.124396,46.061216
2027,11.130139,46.066434
2028,11.131182,46.065983
2029,11.117648,46.05689
2030,11.12075,46.059703
2031,11.115835,46.055787
2032,11.127381,46.066093
2033,11.127364,46.059329
2034,11.128058,46.067078
2035,11.121309,46.060327
2036,11.127974,46.06625
2037,11.115025,46.062098
2038,11.120083,46.060081
2039,11.120782,46.06678
2040,11.125315,46.061994
2041,11.124473,46.061105
2042,11.122317,46.064701
2043,11.114812,46.060914
2044,11.130279,46.064058
2045,11.123409,46.063739
2046,11.127591,46.060618
2047,11.123467,46.064527
2048,11.12343,46.063641
2049,11.124246,46.061392
2050,11.123398,46.063781
2051,11.111954,46.050895
2052,11.118317,46.05821
2053,11.130628,46.061559
2054,11.132301,46.065543
2055,11.120919,46.063794
2056,11.121641,46.064227
2057,11.127767,46.062776
2058,11.11515,46.060787
2059,11.12126,46.064544
2060,11.119114,46.059083
2061,11.122532,46.06474
2062,11.128899,46.060372
2063,11.124054,46.061552
2064,11.123518,46.06327
2065,11.12205,46.064706
2066,11.12347,46.063472
2067,11.129343,46.066726
2068,11.121579,46.064535
2069,11.12156,46.064648
2070,11.125257,46.061236
2071,11.124945,46.061279
2072,11.122789,46.064757
2073,11.124515,46.060789
2074,11.131384,46.06439
2075,11.131483,46.066124
2076,11.125692,46.060565
2077,11.130711,46.06384
2078,11.119603,46.065395
2079,11.120822,46.053624
2080,11.123754,46.056609
2081,11.121413,46.06414
2082,11.11842,46.058493
2083,11.124487,46.061081
2084,11.126157,46.064787
2085,11.122957,46.0607
2086,11.121064,46.066001
2087,11.123564,46.063054
2088,11.120197,46.05618
2089,11.119001,46.057846
2090,11.124034,46.057172
2091,11.120189,46.053968
2092,11.119963,46.060059
2093,11.125116,46.062031
2094,11.115973,46.055325
2095,11.124546,46.061927
2096,11.127256,46.067068
2097,11.123958,46.06165
2098,11.13083,46.06648
2099,11.122986,46.065317
2100,11.131663,46.062263
2101,11.117721,46.057618
2102,11.130647,46.066414
2103,11.125437,46.059585
2104,11.12359,46.062939
2105,11.129698,46.064386
2106,11.129478,46.061833
2107,11.127458,46.066069
2108,11.129651,46.066822
2109,11.120211,46.056143
2110,11.127737,46.060679
2111,11.123257,46.06426
2112,11.123227,46.064631
2113,11.125164,46.061192
2114,11.124355,46.061259
2115,11.12033,46.054564
2116,11.124399,46.06094
2117,11.127614,46.066027
2118,11.127545,46.066479
2119,11.134025,46.073386
2120,11.121763,46.060413
2121,11.12127,46.064671
2122,11.129929,46.063985
2123,11.128164,46.06706
2124,11.128039,46.059788
2125,11.116086,46.055518
2126,11.126304,46.059344
2127,11.114474,46.061396
2128,11.122468,46.063759
2129,11.116129,46.055235
2130,11.127825,46.062724
2131,11.12376,46.062088
2132,11.121067,46.065829
2133,11.123585,46.064901
2134,11.123859,46.061747
2135,11.12776,46.066372
2136,11.123745,46.062169
2137,11.120875,46.066781
2138,11.132851,46.065313
2139,11.112654,46.058805
2140,11.116101,46.055436
2141,11.123285,46.064155
2142,11.120911,46.053863
2143,11.121818,46.060564
2144,11.130782,46.064008
2145,11.119109,46.065546
2146,11.115073,46.06181
2147,11.128024,46.062996
2148,11.12362,46.062792
2149,11.129551,46.061251
2150,11.12859,46.061058
2151,11.145377,46.04882
2152,11.145424,46.047886
2153,11.145839,46.048666
2154,11.145587,46.04878
2155,11.14399,46.049741
2156,11.144868,46.050835
2157,11.14488,46.046939
2158,11.147157,46.044517
2159,11.145633,46.048995
2160,11.142093,46.040787
2161,11.14437,46.04783
2162,11.145449,46.047571
2163,11.145575,46.049008
2164,11.145679,46.048637
2165,11.153118,46.048818
2166,11.154034,46.066291
2167,11.154436,46.066221
2168,11.161376,46.069418
2169,11.14894,46.063841
2170,11.155007,46.066193
2171,11.178165,46.069853
2172,11.154803,46.066147
2173,11.155083,46.066338
2174,11.150412,46.064857
2175,11.161311,46.069352
2176,11.15184,46.062022
2177,11.155232,46.066215
2178,11.156077,46.066271
2179,11.152559,46.062007
2180,11.152415,46.061885
2181,11.154228,46.065664
2182,11.155571,46.066219
2183,11.155669,46.063943
2184,11.10207,46.06542
2185,11.07271,46.052297
2186,11.096892,46.064401
2187,11.118601,46.120027
2188,11.117084,46.122741
2189,11.116837,46.123738
2190,11.116651,46.127534
2191,11.118787,46.138047
2192,11.134281,46.13207
2193,11.116536,46.126436
2194,11.127856,46.126951
2195,11.134372,46.137663
2196,11.117187,46.128354
2197,11.12102,46.119726
2198,11.126296,46.130249
2199,11.11675,46.127672
2200,11.117141,46.12818
