id,arrival_time,departure_time
schedule_0,06:25:00,06:25:00
schedule_1,06:26:00,06:26:00
schedule_2,06:27:00,06:27:00
schedule_3,06:29:00,06:29:00
schedule_4,06:30:00,06:30:00
schedule_5,06:31:00,06:31:00
schedule_6,06:45:00,06:45:00
schedule_7,06:46:00,06:46:00
schedule_8,06:47:00,06:47:00
schedule_9,06:49:00,06:49:00
schedule_10,06:50:00,06:50:00
schedule_11,06:51:00,06:51:00
schedule_12,06:28:00,06:28:00
schedule_13,06:33:00,06:33:00
schedule_14,06:34:00,06:34:00
schedule_15,06:36:00,06:36:00
schedule_16,06:37:00,06:37:00
schedule_17,06:38:00,06:38:00
schedule_18,06:39:00,06:39:00
schedule_19,06:40:00,06:40:00
schedule_20,06:41:00,06:41:00
schedule_21,06:42:00,06:42:00
schedule_22,06:43:00,06:43:00
schedule_23,06:44:00,06:44:00
schedule_24,06:48:00,06:48:00
schedule_25,07:44:00,07:44:00
schedule_26,07:46:00,07:46:00
schedule_27,07:48:00,07:48:00
schedule_28,07:49:00,07:49:00
schedule_29,07:51:00,07:51:00
schedule_30,07:52:00,07:52:00
schedule_31,07:54:00,07:54:00
schedule_32,07:55:00,07:55:00
schedule_33,07:56:00,07:56:00
schedule_34,07:57:00,07:57:00
schedule_35,07:58:00,07:58:00
schedule_36,07:59:00,07:59:00
schedule_37,08:00:00,08:00:00
schedule_38,08:01:00,08:01:00
schedule_39,08:02:00,08:02:00
schedule_40,08:03:00,08:03:00
schedule_41,08:04:00,08:04:00
schedule_42,08:06:00,08:06:00
schedule_43,08:08:00,08:08:00
schedule_44,08:13:00,08:13:00
schedule_45,08:15:00,08:15:00
schedule_46,08:17:00,08:17:00
schedule_47,08:18:00,08:18:00
schedule_48,08:20:00,08:20:00
schedule_49,08:21:00,08:21:00
schedule_50,08:23:00,08:23:00
schedule_51,08:24:00,08:24:00
schedule_52,08:25:00,08:25:00
schedule_53,08:26:00,08:26:00
schedule_54,08:27:00,08:27:00
schedule_55,08:28:00,08:28:00
schedule_56,08:29:00,08:29:00
schedule_57,08:30:00,08:30:00
schedule_58,08:31:00,08:31:00
schedule_59,08:32:00,08:32:00
schedule_60,08:33:00,08:33:00
schedule_61,08:35:00,08:35:00
schedule_62,08:37:00,08:37:00
schedule_63,07:24:00,07:24:00
schedule_64,07:26:00,07:26:00
schedule_65,07:28:00,07:28:00
schedule_66,07:29:00,07:29:00
schedule_67,07:31:00,07:31:00
schedule_68,07:32:00,07:32:00
schedule_69,07:34:00,07:34:00
schedule_70,07:35:00,07:35:00
schedule_71,07:36:00,07:36:00
schedule_72,07:37:00,07:37:00
schedule_73,07:38:00,07:38:00
schedule_74,07:40:00,07:40:00
schedule_75,07:41:00,07:41:00
schedule_76,07:42:00,07:42:00
schedule_77,07:43:00,07:43:00
schedule_78,07:45:00,07:45:00
schedule_79,06:53:00,06:53:00
schedule_80,06:54:00,06:54:00
schedule_81,07:39:00,07:39:00
schedule_82,07:47:00,07:47:00
schedule_83,07:50:00,07:50:00
schedule_84,07:53:00,07:53:00
schedule_85,12:10:00,12:10:00
schedule_86,12:12:00,12:12:00
schedule_87,12:14:00,12:14:00
schedule_88,12:15:00,12:15:00
schedule_89,12:16:00,12:16:00
schedule_90,12:17:00,12:17:00
schedule_91,12:20:00,12:20:00
schedule_92,12:22:00,12:22:00
schedule_93,12:23:00,12:23:00
schedule_94,12:24:00,12:24:00
schedule_95,12:26:00,12:26:00
schedule_96,12:27:00,12:27:00
schedule_97,12:28:00,12:28:00
schedule_98,12:09:00,12:09:00
schedule_99,12:11:00,12:11:00
schedule_100,12:13:00,12:13:00
schedule_101,12:19:00,12:19:00
schedule_102,12:21:00,12:21:00
schedule_103,12:25:00,12:25:00
schedule_104,12:29:00,12:29:00
schedule_105,12:30:00,12:30:00
schedule_106,12:31:00,12:31:00
schedule_107,12:33:00,12:33:00
schedule_108,12:34:00,12:34:00
schedule_109,07:19:00,07:19:00
schedule_110,07:21:00,07:21:00
schedule_111,07:23:00,07:23:00
schedule_112,07:27:00,07:27:00
schedule_113,07:30:00,07:30:00
schedule_114,07:33:00,07:33:00
schedule_115,07:10:00,07:10:00
schedule_116,07:11:00,07:11:00
schedule_117,07:13:00,07:13:00
schedule_118,07:14:00,07:14:00
schedule_119,07:15:00,07:15:00
schedule_120,07:16:00,07:16:00
schedule_121,07:17:00,07:17:00
schedule_122,07:18:00,07:18:00
schedule_123,07:20:00,07:20:00
schedule_124,07:22:00,07:22:00
schedule_125,07:25:00,07:25:00
schedule_126,06:52:00,06:52:00
schedule_127,06:56:00,06:56:00
schedule_128,06:57:00,06:57:00
schedule_129,06:58:00,06:58:00
schedule_130,06:59:00,06:59:00
schedule_131,07:00:00,07:00:00
schedule_132,07:01:00,07:01:00
schedule_133,07:02:00,07:02:00
schedule_134,07:03:00,07:03:00
schedule_135,07:04:00,07:04:00
schedule_136,07:06:00,07:06:00
schedule_137,07:07:00,07:07:00
schedule_138,07:08:00,07:08:00
schedule_139,07:09:00,07:09:00
schedule_140,07:12:00,07:12:00
schedule_141,08:11:00,08:11:00
schedule_142,08:12:00,08:12:00
schedule_143,08:14:00,08:14:00
schedule_144,08:16:00,08:16:00
schedule_145,08:19:00,08:19:00
schedule_146,08:22:00,08:22:00
schedule_147,08:34:00,08:34:00
schedule_148,08:36:00,08:36:00
schedule_149,08:39:00,08:39:00
schedule_150,08:40:00,08:40:00
schedule_151,08:41:00,08:41:00
schedule_152,08:42:00,08:42:00
schedule_153,08:43:00,08:43:00
schedule_154,08:44:00,08:44:00
schedule_155,08:45:00,08:45:00
schedule_156,08:46:00,08:46:00
schedule_157,08:47:00,08:47:00
schedule_158,08:48:00,08:48:00
schedule_159,08:49:00,08:49:00
schedule_160,08:51:00,08:51:00
schedule_161,08:53:00,08:53:00
schedule_162,09:29:00,09:29:00
schedule_163,09:31:00,09:31:00
schedule_164,09:33:00,09:33:00
schedule_165,09:34:00,09:34:00
schedule_166,09:36:00,09:36:00
schedule_167,09:37:00,09:37:00
schedule_168,09:39:00,09:39:00
schedule_169,09:40:00,09:40:00
schedule_170,09:41:00,09:41:00
schedule_171,09:42:00,09:42:00
schedule_172,09:43:00,09:43:00
schedule_173,09:44:00,09:44:00
schedule_174,09:45:00,09:45:00
schedule_175,09:46:00,09:46:00
schedule_176,09:47:00,09:47:00
schedule_177,09:48:00,09:48:00
schedule_178,09:49:00,09:49:00
schedule_179,09:51:00,09:51:00
schedule_180,09:53:00,09:53:00
schedule_181,10:29:00,10:29:00
schedule_182,10:31:00,10:31:00
schedule_183,10:33:00,10:33:00
schedule_184,10:34:00,10:34:00
schedule_185,10:36:00,10:36:00
schedule_186,10:37:00,10:37:00
schedule_187,10:39:00,10:39:00
schedule_188,10:40:00,10:40:00
schedule_189,10:41:00,10:41:00
schedule_190,10:42:00,10:42:00
schedule_191,10:43:00,10:43:00
schedule_192,10:44:00,10:44:00
schedule_193,10:45:00,10:45:00
schedule_194,10:46:00,10:46:00
schedule_195,10:47:00,10:47:00
schedule_196,10:48:00,10:48:00
schedule_197,10:49:00,10:49:00
schedule_198,10:51:00,10:51:00
schedule_199,10:53:00,10:53:00
schedule_200,11:29:00,11:29:00
schedule_201,11:31:00,11:31:00
schedule_202,11:33:00,11:33:00
schedule_203,11:34:00,11:34:00
schedule_204,11:36:00,11:36:00
schedule_205,11:37:00,11:37:00
schedule_206,11:39:00,11:39:00
schedule_207,11:40:00,11:40:00
schedule_208,11:41:00,11:41:00
schedule_209,11:42:00,11:42:00
schedule_210,11:43:00,11:43:00
schedule_211,11:44:00,11:44:00
schedule_212,11:45:00,11:45:00
schedule_213,11:46:00,11:46:00
schedule_214,11:47:00,11:47:00
schedule_215,11:48:00,11:48:00
schedule_216,11:49:00,11:49:00
schedule_217,11:51:00,11:51:00
schedule_218,11:53:00,11:53:00
schedule_219,12:36:00,12:36:00
schedule_220,12:37:00,12:37:00
schedule_221,12:39:00,12:39:00
schedule_222,12:40:00,12:40:00
schedule_223,12:41:00,12:41:00
schedule_224,12:42:00,12:42:00
schedule_225,12:43:00,12:43:00
schedule_226,12:44:00,12:44:00
schedule_227,12:45:00,12:45:00
schedule_228,12:46:00,12:46:00
schedule_229,12:47:00,12:47:00
schedule_230,12:48:00,12:48:00
schedule_231,12:49:00,12:49:00
schedule_232,12:51:00,12:51:00
schedule_233,12:53:00,12:53:00
schedule_234,13:29:00,13:29:00
schedule_235,13:31:00,13:31:00
schedule_236,13:33:00,13:33:00
schedule_237,13:34:00,13:34:00
schedule_238,13:36:00,13:36:00
schedule_239,13:37:00,13:37:00
schedule_240,13:39:00,13:39:00
schedule_241,13:40:00,13:40:00
schedule_242,13:41:00,13:41:00
schedule_243,13:42:00,13:42:00
schedule_244,13:43:00,13:43:00
schedule_245,13:44:00,13:44:00
schedule_246,13:45:00,13:45:00
schedule_247,13:46:00,13:46:00
schedule_248,13:47:00,13:47:00
schedule_249,13:48:00,13:48:00
schedule_250,13:49:00,13:49:00
schedule_251,13:51:00,13:51:00
schedule_252,13:53:00,13:53:00
schedule_253,14:29:00,14:29:00
schedule_254,14:31:00,14:31:00
schedule_255,14:33:00,14:33:00
schedule_256,14:34:00,14:34:00
schedule_257,14:36:00,14:36:00
schedule_258,14:37:00,14:37:00
schedule_259,14:39:00,14:39:00
schedule_260,14:40:00,14:40:00
schedule_261,14:41:00,14:41:00
schedule_262,14:42:00,14:42:00
schedule_263,14:43:00,14:43:00
schedule_264,14:44:00,14:44:00
schedule_265,14:45:00,14:45:00
schedule_266,14:46:00,14:46:00
schedule_267,14:47:00,14:47:00
schedule_268,14:48:00,14:48:00
schedule_269,14:49:00,14:49:00
schedule_270,14:51:00,14:51:00
schedule_271,14:53:00,14:53:00
schedule_272,15:29:00,15:29:00
schedule_273,15:31:00,15:31:00
schedule_274,15:33:00,15:33:00
schedule_275,15:34:00,15:34:00
schedule_276,15:36:00,15:36:00
schedule_277,15:37:00,15:37:00
schedule_278,15:39:00,15:39:00
schedule_279,15:40:00,15:40:00
schedule_280,15:41:00,15:41:00
schedule_281,15:42:00,15:42:00
schedule_282,15:43:00,15:43:00
schedule_283,15:44:00,15:44:00
schedule_284,15:45:00,15:45:00
schedule_285,15:46:00,15:46:00
schedule_286,15:47:00,15:47:00
schedule_287,15:48:00,15:48:00
schedule_288,15:49:00,15:49:00
schedule_289,15:51:00,15:51:00
schedule_290,15:53:00,15:53:00
schedule_291,16:29:00,16:29:00
schedule_292,16:31:00,16:31:00
schedule_293,16:33:00,16:33:00
schedule_294,16:34:00,16:34:00
schedule_295,16:36:00,16:36:00
schedule_296,16:37:00,16:37:00
schedule_297,16:39:00,16:39:00
schedule_298,16:40:00,16:40:00
schedule_299,16:41:00,16:41:00
schedule_300,16:42:00,16:42:00
schedule_301,16:43:00,16:43:00
schedule_302,16:44:00,16:44:00
schedule_303,16:45:00,16:45:00
schedule_304,16:46:00,16:46:00
schedule_305,16:47:00,16:47:00
schedule_306,16:48:00,16:48:00
schedule_307,16:49:00,16:49:00
schedule_308,16:51:00,16:51:00
schedule_309,16:53:00,16:53:00
schedule_310,17:29:00,17:29:00
schedule_311,17:31:00,17:31:00
schedule_312,17:33:00,17:33:00
schedule_313,17:34:00,17:34:00
schedule_314,17:36:00,17:36:00
schedule_315,17:37:00,17:37:00
schedule_316,17:39:00,17:39:00
schedule_317,17:40:00,17:40:00
schedule_318,17:41:00,17:41:00
schedule_319,17:42:00,17:42:00
schedule_320,17:43:00,17:43:00
schedule_321,17:44:00,17:44:00
schedule_322,17:45:00,17:45:00
schedule_323,17:46:00,17:46:00
schedule_324,17:47:00,17:47:00
schedule_325,17:48:00,17:48:00
schedule_326,17:49:00,17:49:00
schedule_327,17:51:00,17:51:00
schedule_328,17:53:00,17:53:00
schedule_329,18:29:00,18:29:00
schedule_330,18:31:00,18:31:00
schedule_331,18:33:00,18:33:00
schedule_332,18:34:00,18:34:00
schedule_333,18:36:00,18:36:00
schedule_334,18:37:00,18:37:00
schedule_335,18:39:00,18:39:00
schedule_336,18:40:00,18:40:00
schedule_337,18:41:00,18:41:00
schedule_338,18:42:00,18:42:00
schedule_339,18:43:00,18:43:00
schedule_340,18:44:00,18:44:00
schedule_341,18:45:00,18:45:00
schedule_342,18:46:00,18:46:00
schedule_343,18:47:00,18:47:00
schedule_344,18:48:00,18:48:00
schedule_345,18:49:00,18:49:00
schedule_346,18:51:00,18:51:00
schedule_347,18:53:00,18:53:00
schedule_348,19:29:00,19:29:00
schedule_349,19:31:00,19:31:00
schedule_350,19:33:00,19:33:00
schedule_351,19:34:00,19:34:00
schedule_352,19:36:00,19:36:00
schedule_353,19:37:00,19:37:00
schedule_354,19:39:00,19:39:00
schedule_355,19:40:00,19:40:00
schedule_356,19:41:00,19:41:00
schedule_357,19:42:00,19:42:00
schedule_358,19:43:00,19:43:00
schedule_359,19:44:00,19:44:00
schedule_360,19:45:00,19:45:00
schedule_361,19:46:00,19:46:00
schedule_362,19:47:00,19:47:00
schedule_363,19:48:00,19:48:00
schedule_364,19:49:00,19:49:00
schedule_365,19:51:00,19:51:00
schedule_366,19:53:00,19:53:00
schedule_367,20:35:00,20:35:00
schedule_368,20:37:00,20:37:00
schedule_369,20:39:00,20:39:00
schedule_370,20:40:00,20:40:00
schedule_371,20:42:00,20:42:00
schedule_372,20:43:00,20:43:00
schedule_373,20:45:00,20:45:00
schedule_374,20:46:00,20:46:00
schedule_375,20:47:00,20:47:00
schedule_376,20:48:00,20:48:00
schedule_377,20:49:00,20:49:00
schedule_378,20:50:00,20:50:00
schedule_379,20:51:00,20:51:00
schedule_380,20:52:00,20:52:00
schedule_381,20:53:00,20:53:00
schedule_382,20:54:00,20:54:00
schedule_383,20:55:00,20:55:00
schedule_384,20:57:00,20:57:00
schedule_385,20:59:00,20:59:00
schedule_386,08:54:00,08:54:00
schedule_387,08:56:00,08:56:00
schedule_388,08:57:00,08:57:00
schedule_389,08:59:00,08:59:00
schedule_390,09:00:00,09:00:00
schedule_391,09:01:00,09:01:00
schedule_392,09:02:00,09:02:00
schedule_393,09:03:00,09:03:00
schedule_394,09:04:00,09:04:00
schedule_395,09:05:00,09:05:00
schedule_396,09:06:00,09:06:00
schedule_397,09:07:00,09:07:00
schedule_398,09:08:00,09:08:00
schedule_399,09:09:00,09:09:00
schedule_400,09:11:00,09:11:00
schedule_401,09:13:00,09:13:00
schedule_402,09:54:00,09:54:00
schedule_403,09:56:00,09:56:00
schedule_404,09:57:00,09:57:00
schedule_405,09:59:00,09:59:00
schedule_406,10:00:00,10:00:00
schedule_407,10:01:00,10:01:00
schedule_408,10:02:00,10:02:00
schedule_409,10:03:00,10:03:00
schedule_410,10:04:00,10:04:00
schedule_411,10:05:00,10:05:00
schedule_412,10:06:00,10:06:00
schedule_413,10:07:00,10:07:00
schedule_414,10:08:00,10:08:00
schedule_415,10:09:00,10:09:00
schedule_416,10:11:00,10:11:00
schedule_417,10:13:00,10:13:00
schedule_418,10:54:00,10:54:00
schedule_419,10:56:00,10:56:00
schedule_420,10:57:00,10:57:00
schedule_421,10:59:00,10:59:00
schedule_422,11:00:00,11:00:00
schedule_423,11:01:00,11:01:00
schedule_424,11:02:00,11:02:00
schedule_425,11:03:00,11:03:00
schedule_426,11:04:00,11:04:00
schedule_427,11:05:00,11:05:00
schedule_428,11:06:00,11:06:00
schedule_429,11:07:00,11:07:00
schedule_430,11:08:00,11:08:00
schedule_431,11:09:00,11:09:00
schedule_432,11:11:00,11:11:00
schedule_433,11:13:00,11:13:00
schedule_434,11:54:00,11:54:00
schedule_435,11:56:00,11:56:00
schedule_436,11:57:00,11:57:00
schedule_437,11:59:00,11:59:00
schedule_438,12:00:00,12:00:00
schedule_439,12:01:00,12:01:00
schedule_440,12:02:00,12:02:00
schedule_441,12:03:00,12:03:00
schedule_442,12:04:00,12:04:00
schedule_443,12:05:00,12:05:00
schedule_444,12:06:00,12:06:00
schedule_445,12:07:00,12:07:00
schedule_446,12:08:00,12:08:00
schedule_447,12:54:00,12:54:00
schedule_448,12:56:00,12:56:00
schedule_449,12:57:00,12:57:00
schedule_450,12:59:00,12:59:00
schedule_451,13:00:00,13:00:00
schedule_452,13:01:00,13:01:00
schedule_453,13:02:00,13:02:00
schedule_454,13:03:00,13:03:00
schedule_455,13:04:00,13:04:00
schedule_456,13:05:00,13:05:00
schedule_457,13:06:00,13:06:00
schedule_458,13:07:00,13:07:00
schedule_459,13:08:00,13:08:00
schedule_460,13:09:00,13:09:00
schedule_461,13:11:00,13:11:00
schedule_462,13:13:00,13:13:00
schedule_463,13:54:00,13:54:00
schedule_464,13:56:00,13:56:00
schedule_465,13:57:00,13:57:00
schedule_466,13:59:00,13:59:00
schedule_467,14:00:00,14:00:00
schedule_468,14:01:00,14:01:00
schedule_469,14:02:00,14:02:00
schedule_470,14:03:00,14:03:00
schedule_471,14:04:00,14:04:00
schedule_472,14:05:00,14:05:00
schedule_473,14:06:00,14:06:00
schedule_474,14:07:00,14:07:00
schedule_475,14:08:00,14:08:00
schedule_476,14:09:00,14:09:00
schedule_477,14:11:00,14:11:00
schedule_478,14:13:00,14:13:00
schedule_479,14:54:00,14:54:00
schedule_480,14:56:00,14:56:00
schedule_481,14:57:00,14:57:00
schedule_482,14:59:00,14:59:00
schedule_483,15:00:00,15:00:00
schedule_484,15:01:00,15:01:00
schedule_485,15:02:00,15:02:00
schedule_486,15:03:00,15:03:00
schedule_487,15:04:00,15:04:00
schedule_488,15:05:00,15:05:00
schedule_489,15:06:00,15:06:00
schedule_490,15:07:00,15:07:00
schedule_491,15:08:00,15:08:00
schedule_492,15:09:00,15:09:00
schedule_493,15:11:00,15:11:00
schedule_494,15:13:00,15:13:00
schedule_495,15:54:00,15:54:00
schedule_496,15:56:00,15:56:00
schedule_497,15:57:00,15:57:00
schedule_498,15:59:00,15:59:00
schedule_499,16:00:00,16:00:00
schedule_500,16:01:00,16:01:00
schedule_501,16:02:00,16:02:00
schedule_502,16:03:00,16:03:00
schedule_503,16:04:00,16:04:00
schedule_504,16:05:00,16:05:00
schedule_505,16:06:00,16:06:00
schedule_506,16:07:00,16:07:00
schedule_507,16:08:00,16:08:00
schedule_508,16:09:00,16:09:00
schedule_509,16:11:00,16:11:00
schedule_510,16:13:00,16:13:00
schedule_511,16:54:00,16:54:00
schedule_512,16:56:00,16:56:00
schedule_513,16:57:00,16:57:00
schedule_514,16:59:00,16:59:00
schedule_515,17:00:00,17:00:00
schedule_516,17:01:00,17:01:00
schedule_517,17:02:00,17:02:00
schedule_518,17:03:00,17:03:00
schedule_519,17:04:00,17:04:00
schedule_520,17:05:00,17:05:00
schedule_521,17:06:00,17:06:00
schedule_522,17:07:00,17:07:00
schedule_523,17:08:00,17:08:00
schedule_524,17:09:00,17:09:00
schedule_525,17:11:00,17:11:00
schedule_526,17:13:00,17:13:00
schedule_527,17:54:00,17:54:00
schedule_528,17:56:00,17:56:00
schedule_529,17:57:00,17:57:00
schedule_530,17:59:00,17:59:00
schedule_531,18:00:00,18:00:00
schedule_532,18:01:00,18:01:00
schedule_533,18:02:00,18:02:00
schedule_534,18:03:00,18:03:00
schedule_535,18:04:00,18:04:00
schedule_536,18:05:00,18:05:00
schedule_537,18:06:00,18:06:00
schedule_538,18:07:00,18:07:00
schedule_539,18:08:00,18:08:00
schedule_540,18:09:00,18:09:00
schedule_541,18:11:00,18:11:00
schedule_542,18:13:00,18:13:00
schedule_543,18:54:00,18:54:00
schedule_544,18:56:00,18:56:00
schedule_545,18:57:00,18:57:00
schedule_546,18:59:00,18:59:00
schedule_547,19:00:00,19:00:00
schedule_548,19:01:00,19:01:00
schedule_549,19:02:00,19:02:00
schedule_550,19:03:00,19:03:00
schedule_551,19:04:00,19:04:00
schedule_552,19:05:00,19:05:00
schedule_553,19:06:00,19:06:00
schedule_554,19:07:00,19:07:00
schedule_555,19:08:00,19:08:00
schedule_556,19:09:00,19:09:00
schedule_557,19:11:00,19:11:00
schedule_558,19:13:00,19:13:00
schedule_559,19:54:00,19:54:00
schedule_560,19:56:00,19:56:00
schedule_561,19:57:00,19:57:00
schedule_562,19:59:00,19:59:00
schedule_563,20:00:00,20:00:00
schedule_564,20:01:00,20:01:00
schedule_565,20:02:00,20:02:00
schedule_566,20:03:00,20:03:00
schedule_567,20:04:00,20:04:00
schedule_568,20:05:00,20:05:00
schedule_569,20:06:00,20:06:00
schedule_570,20:07:00,20:07:00
schedule_571,20:08:00,20:08:00
schedule_572,20:09:00,20:09:00
schedule_573,20:11:00,20:11:00
schedule_574,20:13:00,20:13:00
schedule_575,09:14:00,09:14:00
schedule_576,09:16:00,09:16:00
schedule_577,09:17:00,09:17:00
schedule_578,09:19:00,09:19:00
schedule_579,09:20:00,09:20:00
schedule_580,09:21:00,09:21:00
schedule_581,09:22:00,09:22:00
schedule_582,09:23:00,09:23:00
schedule_583,09:24:00,09:24:00
schedule_584,09:25:00,09:25:00
schedule_585,09:26:00,09:26:00
schedule_586,09:27:00,09:27:00
schedule_587,09:28:00,09:28:00
schedule_588,10:14:00,10:14:00
schedule_589,10:16:00,10:16:00
schedule_590,10:17:00,10:17:00
schedule_591,10:19:00,10:19:00
schedule_592,10:20:00,10:20:00
schedule_593,10:21:00,10:21:00
schedule_594,10:22:00,10:22:00
schedule_595,10:23:00,10:23:00
schedule_596,10:24:00,10:24:00
schedule_597,10:25:00,10:25:00
schedule_598,10:26:00,10:26:00
schedule_599,10:27:00,10:27:00
schedule_600,10:28:00,10:28:00
schedule_601,11:14:00,11:14:00
schedule_602,11:16:00,11:16:00
schedule_603,11:17:00,11:17:00
schedule_604,11:19:00,11:19:00
schedule_605,11:20:00,11:20:00
schedule_606,11:21:00,11:21:00
schedule_607,11:22:00,11:22:00
schedule_608,11:23:00,11:23:00
schedule_609,11:24:00,11:24:00
schedule_610,11:25:00,11:25:00
schedule_611,11:26:00,11:26:00
schedule_612,11:27:00,11:27:00
schedule_613,11:28:00,11:28:00
schedule_614,13:14:00,13:14:00
schedule_615,13:16:00,13:16:00
schedule_616,13:17:00,13:17:00
schedule_617,13:19:00,13:19:00
schedule_618,13:20:00,13:20:00
schedule_619,13:21:00,13:21:00
schedule_620,13:22:00,13:22:00
schedule_621,13:23:00,13:23:00
schedule_622,13:24:00,13:24:00
schedule_623,13:25:00,13:25:00
schedule_624,13:26:00,13:26:00
schedule_625,13:27:00,13:27:00
schedule_626,13:28:00,13:28:00
schedule_627,14:14:00,14:14:00
schedule_628,14:16:00,14:16:00
schedule_629,14:17:00,14:17:00
schedule_630,14:19:00,14:19:00
schedule_631,14:20:00,14:20:00
schedule_632,14:21:00,14:21:00
schedule_633,14:22:00,14:22:00
schedule_634,14:23:00,14:23:00
schedule_635,14:24:00,14:24:00
schedule_636,14:25:00,14:25:00
schedule_637,14:26:00,14:26:00
schedule_638,14:27:00,14:27:00
schedule_639,14:28:00,14:28:00
schedule_640,15:14:00,15:14:00
schedule_641,15:16:00,15:16:00
schedule_642,15:17:00,15:17:00
schedule_643,15:19:00,15:19:00
schedule_644,15:20:00,15:20:00
schedule_645,15:21:00,15:21:00
schedule_646,15:22:00,15:22:00
schedule_647,15:23:00,15:23:00
schedule_648,15:24:00,15:24:00
schedule_649,15:25:00,15:25:00
schedule_650,15:26:00,15:26:00
schedule_651,15:27:00,15:27:00
schedule_652,15:28:00,15:28:00
schedule_653,16:14:00,16:14:00
schedule_654,16:16:00,16:16:00
schedule_655,16:17:00,16:17:00
schedule_656,16:19:00,16:19:00
schedule_657,16:20:00,16:20:00
schedule_658,16:21:00,16:21:00
schedule_659,16:22:00,16:22:00
schedule_660,16:23:00,16:23:00
schedule_661,16:24:00,16:24:00
schedule_662,16:25:00,16:25:00
schedule_663,16:26:00,16:26:00
schedule_664,16:27:00,16:27:00
schedule_665,16:28:00,16:28:00
schedule_666,17:14:00,17:14:00
schedule_667,17:16:00,17:16:00
schedule_668,17:17:00,17:17:00
schedule_669,17:19:00,17:19:00
schedule_670,17:20:00,17:20:00
schedule_671,17:21:00,17:21:00
schedule_672,17:22:00,17:22:00
schedule_673,17:23:00,17:23:00
schedule_674,17:24:00,17:24:00
schedule_675,17:25:00,17:25:00
schedule_676,17:26:00,17:26:00
schedule_677,17:27:00,17:27:00
schedule_678,17:28:00,17:28:00
schedule_679,18:14:00,18:14:00
schedule_680,18:16:00,18:16:00
schedule_681,18:17:00,18:17:00
schedule_682,18:19:00,18:19:00
schedule_683,18:20:00,18:20:00
schedule_684,18:21:00,18:21:00
schedule_685,18:22:00,18:22:00
schedule_686,18:23:00,18:23:00
schedule_687,18:24:00,18:24:00
schedule_688,18:25:00,18:25:00
schedule_689,18:26:00,18:26:00
schedule_690,18:27:00,18:27:00
schedule_691,18:28:00,18:28:00
schedule_692,19:14:00,19:14:00
schedule_693,19:16:00,19:16:00
schedule_694,19:17:00,19:17:00
schedule_695,19:19:00,19:19:00
schedule_696,19:20:00,19:20:00
schedule_697,19:21:00,19:21:00
schedule_698,19:22:00,19:22:00
schedule_699,19:23:00,19:23:00
schedule_700,19:24:00,19:24:00
schedule_701,19:25:00,19:25:00
schedule_702,19:26:00,19:26:00
schedule_703,19:27:00,19:27:00
schedule_704,19:28:00,19:28:00
schedule_705,20:14:00,20:14:00
schedule_706,20:16:00,20:16:00
schedule_707,20:17:00,20:17:00
schedule_708,20:19:00,20:19:00
schedule_709,20:20:00,20:20:00
schedule_710,20:21:00,20:21:00
schedule_711,20:22:00,20:22:00
schedule_712,20:23:00,20:23:00
schedule_713,20:24:00,20:24:00
schedule_714,20:25:00,20:25:00
schedule_715,20:26:00,20:26:00
schedule_716,20:27:00,20:27:00
schedule_717,20:28:00,20:28:00
schedule_718,20:29:00,20:29:00
schedule_719,20:31:00,20:31:00
schedule_720,20:33:00,20:33:00
schedule_721,12:38:00,12:38:00
schedule_722,06:55:00,06:55:00
schedule_723,08:50:00,08:50:00
schedule_724,08:52:00,08:52:00
schedule_725,08:07:00,08:07:00
schedule_726,08:09:00,08:09:00
schedule_727,08:10:00,08:10:00
schedule_728,08:58:00,08:58:00
schedule_729,09:12:00,09:12:00
schedule_730,09:15:00,09:15:00
schedule_731,09:58:00,09:58:00
schedule_732,10:12:00,10:12:00
schedule_733,10:15:00,10:15:00
schedule_734,10:58:00,10:58:00
schedule_735,11:12:00,11:12:00
schedule_736,11:15:00,11:15:00
schedule_737,11:58:00,11:58:00
schedule_738,12:58:00,12:58:00
schedule_739,13:12:00,13:12:00
schedule_740,13:15:00,13:15:00
schedule_741,13:58:00,13:58:00
schedule_742,14:12:00,14:12:00
schedule_743,14:15:00,14:15:00
schedule_744,14:58:00,14:58:00
schedule_745,15:12:00,15:12:00
schedule_746,15:15:00,15:15:00
schedule_747,15:58:00,15:58:00
schedule_748,16:12:00,16:12:00
schedule_749,16:15:00,16:15:00
schedule_750,16:58:00,16:58:00
schedule_751,17:12:00,17:12:00
schedule_752,17:15:00,17:15:00
schedule_753,17:58:00,17:58:00
schedule_754,18:12:00,18:12:00
schedule_755,18:15:00,18:15:00
schedule_756,19:58:00,19:58:00
schedule_757,20:12:00,20:12:00
schedule_758,20:15:00,20:15:00
schedule_759,09:18:00,09:18:00
schedule_760,09:32:00,09:32:00
schedule_761,09:35:00,09:35:00
schedule_762,10:18:00,10:18:00
schedule_763,10:32:00,10:32:00
schedule_764,10:35:00,10:35:00
schedule_765,11:18:00,11:18:00
schedule_766,11:32:00,11:32:00
schedule_767,11:35:00,11:35:00
schedule_768,12:18:00,12:18:00
schedule_769,12:32:00,12:32:00
schedule_770,12:35:00,12:35:00
schedule_771,13:18:00,13:18:00
schedule_772,13:32:00,13:32:00
schedule_773,13:35:00,13:35:00
schedule_774,14:18:00,14:18:00
schedule_775,14:32:00,14:32:00
schedule_776,14:35:00,14:35:00
schedule_777,15:18:00,15:18:00
schedule_778,15:32:00,15:32:00
schedule_779,15:35:00,15:35:00
schedule_780,16:18:00,16:18:00
schedule_781,16:32:00,16:32:00
schedule_782,16:35:00,16:35:00
schedule_783,17:18:00,17:18:00
schedule_784,17:32:00,17:32:00
schedule_785,17:35:00,17:35:00
schedule_786,18:18:00,18:18:00
schedule_787,18:32:00,18:32:00
schedule_788,18:35:00,18:35:00
schedule_789,19:18:00,19:18:00
schedule_790,19:32:00,19:32:00
schedule_791,19:35:00,19:35:00
schedule_792,09:38:00,09:38:00
schedule_793,09:52:00,09:52:00
schedule_794,09:55:00,09:55:00
schedule_795,10:38:00,10:38:00
schedule_796,10:52:00,10:52:00
schedule_797,10:55:00,10:55:00
schedule_798,11:38:00,11:38:00
schedule_799,11:52:00,11:52:00
schedule_800,11:55:00,11:55:00
schedule_801,12:52:00,12:52:00
schedule_802,12:55:00,12:55:00
schedule_803,13:38:00,13:38:00
schedule_804,13:52:00,13:52:00
schedule_805,13:55:00,13:55:00
schedule_806,14:38:00,14:38:00
schedule_807,14:52:00,14:52:00
schedule_808,14:55:00,14:55:00
schedule_809,15:38:00,15:38:00
schedule_810,15:52:00,15:52:00
schedule_811,15:55:00,15:55:00
schedule_812,16:38:00,16:38:00
schedule_813,16:52:00,16:52:00
schedule_814,16:55:00,16:55:00
schedule_815,17:38:00,17:38:00
schedule_816,17:52:00,17:52:00
schedule_817,17:55:00,17:55:00
schedule_818,18:38:00,18:38:00
schedule_819,18:52:00,18:52:00
schedule_820,18:55:00,18:55:00
schedule_821,19:38:00,19:38:00
schedule_822,19:52:00,19:52:00
schedule_823,19:55:00,19:55:00
schedule_824,12:50:00,12:50:00
schedule_825,07:05:00,07:05:00
schedule_826,05:53:00,05:53:00
schedule_827,05:54:00,05:54:00
schedule_828,05:55:00,05:55:00
schedule_829,05:56:00,05:56:00
schedule_830,05:57:00,05:57:00
schedule_831,05:58:00,05:58:00
schedule_832,05:59:00,05:59:00
schedule_833,06:12:00,06:12:00
schedule_834,06:13:00,06:13:00
schedule_835,06:14:00,06:14:00
schedule_836,06:15:00,06:15:00
schedule_837,08:05:00,08:05:00
schedule_838,09:10:00,09:10:00
schedule_839,09:30:00,09:30:00
schedule_840,10:30:00,10:30:00
schedule_841,11:30:00,11:30:00
schedule_842,13:30:00,13:30:00
schedule_843,14:30:00,14:30:00
schedule_844,15:30:00,15:30:00
schedule_845,16:30:00,16:30:00
schedule_846,17:30:00,17:30:00
schedule_847,18:30:00,18:30:00
schedule_848,19:30:00,19:30:00
schedule_849,20:30:00,20:30:00
schedule_850,20:32:00,20:32:00
schedule_851,20:36:00,20:36:00
schedule_852,20:38:00,20:38:00
schedule_853,20:41:00,20:41:00
schedule_854,20:44:00,20:44:00
schedule_855,10:10:00,10:10:00
schedule_856,11:10:00,11:10:00
schedule_857,14:10:00,14:10:00
schedule_858,15:10:00,15:10:00
schedule_859,16:10:00,16:10:00
schedule_860,17:10:00,17:10:00
schedule_861,18:10:00,18:10:00
schedule_862,19:10:00,19:10:00
schedule_863,19:12:00,19:12:00
schedule_864,19:15:00,19:15:00
schedule_865,20:10:00,20:10:00
schedule_866,20:18:00,20:18:00
schedule_867,21:01:00,21:01:00
schedule_868,21:03:00,21:03:00
schedule_869,21:04:00,21:04:00
schedule_870,21:06:00,21:06:00
schedule_871,21:07:00,21:07:00
schedule_872,21:09:00,21:09:00
schedule_873,21:10:00,21:10:00
schedule_874,21:11:00,21:11:00
schedule_875,21:12:00,21:12:00
schedule_876,21:13:00,21:13:00
schedule_877,21:15:00,21:15:00
schedule_878,21:16:00,21:16:00
schedule_879,21:17:00,21:17:00
schedule_880,21:18:00,21:18:00
schedule_881,21:19:00,21:19:00
schedule_882,21:20:00,21:20:00
schedule_883,21:21:00,21:21:00
schedule_884,21:23:00,21:23:00
schedule_885,21:24:00,21:24:00
schedule_886,09:50:00,09:50:00
schedule_887,10:50:00,10:50:00
schedule_888,11:50:00,11:50:00
schedule_889,13:50:00,13:50:00
schedule_890,14:50:00,14:50:00
schedule_891,15:50:00,15:50:00
schedule_892,16:50:00,16:50:00
schedule_893,17:50:00,17:50:00
schedule_894,18:50:00,18:50:00
schedule_895,18:58:00,18:58:00
schedule_896,19:50:00,19:50:00
schedule_897,20:56:00,20:56:00
schedule_898,20:58:00,20:58:00
schedule_899,21:00:00,21:00:00
schedule_900,12:30:00,12:32:00
schedule_901,13:10:00,13:10:00
schedule_902,08:38:00,08:38:00
schedule_903,06:35:00,06:35:00
schedule_904,08:55:00,08:55:00
schedule_905,21:02:00,21:02:00
schedule_906,21:05:00,21:05:00
schedule_907,20:34:00,20:34:00
schedule_908,05:48:00,05:48:00
schedule_909,05:49:00,05:49:00
schedule_910,05:51:00,05:51:00
schedule_911,05:52:00,05:52:00
schedule_912,06:00:00,06:00:00
schedule_913,06:01:00,06:01:00
schedule_914,06:02:00,06:02:00
schedule_915,06:03:00,06:03:00
schedule_916,06:07:00,06:07:00
schedule_917,06:09:00,06:09:00
schedule_918,06:10:00,06:10:00
schedule_919,06:16:00,06:16:00
schedule_920,06:17:00,06:17:00
schedule_921,06:18:00,06:18:00
schedule_922,06:19:00,06:19:00
schedule_923,06:20:00,06:20:00
schedule_924,06:21:00,06:21:00
schedule_925,06:22:00,06:22:00
schedule_926,06:23:00,06:23:00
schedule_927,06:24:00,06:24:00
schedule_928,06:32:00,06:32:00
schedule_929,06:04:00,06:04:00
schedule_930,06:05:00,06:05:00
schedule_931,06:06:00,06:06:00
schedule_932,06:08:00,06:08:00
schedule_933,06:11:00,06:11:00
schedule_934,21:14:00,21:14:00
schedule_935,21:22:00,21:22:00
schedule_936,21:25:00,21:25:00
schedule_937,21:26:00,21:26:00
schedule_938,21:27:00,21:27:00
schedule_939,21:28:00,21:28:00
schedule_940,21:29:00,21:29:00
schedule_941,21:31:00,21:31:00
schedule_942,21:32:00,21:32:00
schedule_943,21:33:00,21:33:00
schedule_944,21:34:00,21:34:00
schedule_945,21:35:00,21:35:00
schedule_946,21:36:00,21:36:00
schedule_947,21:37:00,21:37:00
schedule_948,21:38:00,21:38:00
schedule_949,21:39:00,21:39:00
schedule_950,21:40:00,21:40:00
schedule_951,05:33:00,05:33:00
schedule_952,05:34:00,05:34:00
schedule_953,05:35:00,05:35:00
schedule_954,05:36:00,05:36:00
schedule_955,05:37:00,05:37:00
schedule_956,05:38:00,05:38:00
schedule_957,05:39:00,05:39:00
schedule_958,05:40:00,05:40:00
schedule_959,05:42:00,05:42:00
schedule_960,05:44:00,05:44:00
schedule_961,05:45:00,05:45:00
schedule_962,05:47:00,05:47:00
schedule_963,05:50:00,05:50:00
schedule_964,21:08:00,21:08:00
schedule_965,07:03:00,07:05:00
schedule_966,07:39:00,07:42:00
schedule_967,21:30:00,21:30:00
schedule_968,22:00:00,22:00:00
schedule_969,22:05:00,22:05:00
schedule_970,22:30:00,22:30:00
schedule_971,22:35:00,22:35:00
schedule_972,06:31:00,06:33:00
schedule_973,05:46:00,05:46:00
schedule_974,06:46:00,06:48:00
schedule_975,07:01:00,07:03:00
schedule_976,05:41:00,05:41:00
schedule_977,05:43:00,05:43:00
schedule_978,05:04:00,05:04:00
schedule_979,05:05:00,05:05:00
schedule_980,05:07:00,05:07:00
schedule_981,05:08:00,05:08:00
schedule_982,05:09:00,05:09:00
schedule_983,05:10:00,05:10:00
schedule_984,05:11:00,05:11:00
schedule_985,05:12:00,05:12:00
schedule_986,05:13:00,05:13:00
schedule_987,05:15:00,05:15:00
schedule_988,05:16:00,05:16:00
schedule_989,05:18:00,05:18:00
schedule_990,05:19:00,05:19:00
schedule_991,05:20:00,05:20:00
schedule_992,05:22:00,05:22:00
schedule_993,05:25:00,05:25:00
schedule_994,05:06:00,05:06:00
schedule_995,05:07:00,05:09:00
schedule_996,05:17:00,05:17:00
schedule_997,05:23:00,05:23:00
schedule_998,05:24:00,05:24:00
schedule_999,05:26:00,05:26:00
schedule_1000,05:28:00,05:28:00
schedule_1001,05:29:00,05:29:00
schedule_1002,05:31:00,05:31:00
schedule_1003,05:32:00,05:32:00
schedule_1004,06:24:00,06:29:00
schedule_1005,05:01:00,05:01:00
schedule_1006,05:02:00,05:02:00
schedule_1007,05:03:00,05:03:00
schedule_1008,05:14:00,05:14:00
schedule_1009,05:25:00,05:30:00
schedule_1010,05:30:00,05:30:00
schedule_1011,21:42:00,21:42:00
schedule_1012,21:44:00,21:44:00
schedule_1013,21:45:00,21:45:00
schedule_1014,21:47:00,21:47:00
schedule_1015,21:48:00,21:48:00
schedule_1016,21:50:00,21:50:00
schedule_1017,21:51:00,21:51:00
schedule_1018,21:52:00,21:52:00
schedule_1019,21:53:00,21:53:00
schedule_1020,21:54:00,21:54:00
schedule_1021,21:55:00,21:55:00
schedule_1022,21:56:00,21:56:00
schedule_1023,21:57:00,21:57:00
schedule_1024,21:58:00,21:58:00
schedule_1025,21:59:00,21:59:00
schedule_1026,22:02:00,22:02:00
schedule_1027,22:04:00,22:04:00
schedule_1028,21:41:00,21:41:00
schedule_1029,21:46:00,21:46:00
schedule_1030,21:49:00,21:49:00
schedule_1031,22:01:00,22:01:00
schedule_1032,22:03:00,22:03:00
schedule_1033,22:07:00,22:07:00
schedule_1034,22:08:00,22:08:00
schedule_1035,22:09:00,22:09:00
schedule_1036,22:11:00,22:11:00
schedule_1037,22:12:00,22:12:00
schedule_1038,22:13:00,22:13:00
schedule_1039,22:14:00,22:14:00
schedule_1040,21:43:00,21:43:00
schedule_1041,22:06:00,22:06:00
schedule_1042,05:21:00,05:21:00
schedule_1043,05:27:00,05:27:00
schedule_1044,22:10:00,22:10:00
schedule_1045,22:15:00,22:15:00
schedule_1046,22:16:00,22:16:00
schedule_1047,22:19:00,22:19:00
schedule_1048,22:20:00,22:20:00
schedule_1049,22:21:00,22:21:00
schedule_1050,22:26:00,22:26:00
schedule_1051,22:29:00,22:29:00
schedule_1052,22:31:00,22:31:00
schedule_1053,22:32:00,22:32:00
schedule_1054,22:33:00,22:33:00
schedule_1055,22:34:00,22:34:00
schedule_1056,22:18:00,22:18:00
schedule_1057,22:22:00,22:22:00
schedule_1058,22:23:00,22:23:00
schedule_1059,22:24:00,22:24:00
schedule_1060,22:25:00,22:25:00
schedule_1061,22:27:00,22:27:00
schedule_1062,22:28:00,22:28:00
schedule_1063,22:17:00,22:17:00
schedule_1064,22:36:00,22:36:00
schedule_1065,22:37:00,22:37:00
schedule_1066,22:49:00,22:49:00
schedule_1067,22:50:00,22:50:00
schedule_1068,22:51:00,22:51:00
schedule_1069,22:52:00,22:52:00
schedule_1070,22:53:00,22:53:00
schedule_1071,22:54:00,22:54:00
schedule_1072,22:55:00,22:55:00
schedule_1073,22:56:00,22:56:00
schedule_1074,22:57:00,22:57:00
schedule_1075,22:58:00,22:58:00
schedule_1076,23:00:00,23:00:00
schedule_1077,23:01:00,23:01:00
schedule_1078,23:02:00,23:02:00
schedule_1079,23:03:00,23:03:00
schedule_1080,23:04:00,23:04:00
schedule_1081,23:05:00,23:05:00
schedule_1082,23:06:00,23:06:00
schedule_1083,23:07:00,23:07:00
schedule_1084,23:08:00,23:08:00
schedule_1085,23:09:00,23:09:00
schedule_1086,23:10:00,23:10:00
schedule_1087,23:11:00,23:11:00
schedule_1088,23:12:00,23:12:00
schedule_1089,23:13:00,23:13:00
schedule_1090,23:14:00,23:14:00
schedule_1091,23:16:00,23:16:00
schedule_1092,23:17:00,23:17:00
schedule_1093,23:19:00,23:19:00
schedule_1094,23:20:00,23:20:00
schedule_1095,23:22:00,23:22:00
schedule_1096,23:24:00,23:24:00
schedule_1097,23:25:00,23:25:00
schedule_1098,23:26:00,23:26:00
schedule_1099,23:28:00,23:28:00
schedule_1100,23:30:00,23:30:00
schedule_1101,23:31:00,23:31:00
schedule_1102,23:32:00,23:32:00
schedule_1103,23:33:00,23:33:00
schedule_1104,23:34:00,23:34:00
schedule_1105,23:35:00,23:35:00
schedule_1106,23:36:00,23:36:00
schedule_1107,23:37:00,23:37:00
schedule_1108,22:38:00,22:38:00
schedule_1109,22:39:00,22:39:00
schedule_1110,22:40:00,22:40:00
schedule_1111,23:15:00,23:15:00
schedule_1112,23:18:00,23:18:00
schedule_1113,23:21:00,23:21:00
schedule_1114,23:23:00,23:23:00
schedule_1115,23:27:00,23:27:00
schedule_1116,23:29:00,23:29:00
schedule_1117,23:38:00,23:38:00
schedule_1118,23:39:00,23:39:00
schedule_1119,23:40:00,23:40:00
schedule_1120,22:41:00,22:41:00
schedule_1121,22:42:00,22:42:00
schedule_1122,22:43:00,22:43:00
schedule_1123,22:44:00,22:44:00
schedule_1124,22:45:00,22:45:00
schedule_1125,22:46:00,22:46:00
schedule_1126,22:48:00,22:48:00
schedule_1127,22:59:00,22:59:00
schedule_1128,22:47:00,22:47:00
schedule_1129,23:41:00,23:41:00
schedule_1130,23:42:00,23:42:00
schedule_1131,23:43:00,23:43:00
schedule_1132,23:44:00,23:44:00
schedule_1133,23:47:00,23:47:00
schedule_1134,23:48:00,23:48:00
schedule_1135,23:49:00,23:49:00
schedule_1136,23:54:00,23:54:00
schedule_1137,23:57:00,23:57:00
schedule_1138,23:58:00,23:58:00
schedule_1139,23:59:00,23:59:00
schedule_1140,24:00:00,24:00:00
schedule_1141,24:01:00,24:01:00
schedule_1142,24:02:00,24:02:00
schedule_1143,24:03:00,24:03:00
schedule_1144,24:06:00,24:06:00
schedule_1145,24:07:00,24:07:00
schedule_1146,24:09:00,24:09:00
schedule_1147,24:11:00,24:11:00
schedule_1148,24:15:00,24:15:00
schedule_1149,24:16:00,24:16:00
schedule_1150,24:18:00,24:18:00
schedule_1151,24:20:00,24:20:00
schedule_1152,23:45:00,23:45:00
schedule_1153,23:50:00,23:50:00
schedule_1154,23:51:00,23:51:00
schedule_1155,23:53:00,23:53:00
schedule_1156,23:55:00,23:55:00
schedule_1157,23:56:00,23:56:00
schedule_1158,24:04:00,24:04:00
schedule_1159,23:46:00,23:46:00
schedule_1160,23:52:00,23:52:00
schedule_1161,24:05:00,24:05:00
schedule_1162,24:08:00,24:08:00
schedule_1163,24:10:00,24:10:00
schedule_1164,24:12:00,24:12:00
schedule_1165,24:13:00,24:13:00
schedule_1166,24:14:00,24:14:00
schedule_1167,24:17:00,24:17:00
schedule_1168,24:19:00,24:19:00
schedule_1169,24:21:00,24:21:00
schedule_1170,24:22:00,24:22:00
schedule_1171,24:23:00,24:23:00
